0,0.033336015048308534,0.778175313059034,0.437625754527163,0.541066281690304,-1,-1,-1
1,0.033308945547902626,0.778175313059034,0.437625754527163,0.5341062190049128,-1,-1,-1
2,0.03321321024384503,0.778175313059034,0.437625754527163,0.5396260602057842,-1,-1,-1
3,0.03317657478273661,0.778175313059034,0.437625754527163,0.5552726408972933,-1,-1,-1
4,0.033142351840284516,0.778175313059034,0.437625754527163,0.5607606179898962,0.778175313059034,0.437625754527163,0.5005689191694475
5,0.033156371330559146,0.778175313059034,0.437625754527163,0.5540461624026696,-1,-1,-1
6,0.03312977640314797,0.778175313059034,0.437625754527163,0.5632823000672044,-1,-1,-1
7,0.03311355107452234,0.778175313059034,0.437625754527163,0.5552493945819429,-1,-1,-1
8,0.03308286333926462,0.778175313059034,0.437625754527163,0.5658065892079162,-1,-1,-1
9,0.03305190564041594,0.778175313059034,0.437625754527163,0.5629861811155914,0.778175313059034,0.437625754527163,0.4993320124212087
10,0.03307007653188887,0.778175313059034,0.437625754527163,0.5662588422900445,-1,-1,-1
11,0.03308137387123912,0.778175313059034,0.437625754527163,0.5729643542014276,-1,-1,-1
12,0.033061231524818484,0.778175313059034,0.437625754527163,0.5690885561503523,-1,-1,-1
13,0.03302991230787179,0.778175313059034,0.437625754527163,0.5724132499652391,-1,-1,-1
14,0.03301966550871597,0.778175313059034,0.437625754527163,0.5739823762513905,0.778175313059034,0.437625754527163,0.501146528550241
15,0.03301359801711465,0.7782871198568873,0.4381570513048962,0.5730135987323879,-1,-1,-1
16,0.03298290908396617,0.7783989266547405,0.4386878442139879,0.574077208182703,-1,-1,-1
17,0.03301031514835646,0.7782871198568873,0.4381570513048962,0.5768971817644605,-1,-1,-1
18,0.03298362231711742,0.7783989266547405,0.4386878442139879,0.5793360171602706,-1,-1,-1
19,0.03295285834336057,0.7783989266547405,0.4386878442139879,0.577249171533185,0.778175313059034,0.437625754527163,0.5008435298479792
20,0.032972505762639964,0.7783989266547405,0.4386878442139879,0.5833626990058398,-1,-1,-1
21,0.032943919874154605,0.7782871198568873,0.43914588289558226,0.5799344830482944,-1,-1,-1
22,0.03294223445352693,0.7782871198568873,0.43914588289558226,0.5883312187152392,-1,-1,-1
23,0.03290538504813033,0.778175313059034,0.43910975180342526,0.5827514874745087,-1,-1,-1
24,0.03293584991739613,0.7782871198568873,0.43914588289558226,0.5881728758226733,0.778175313059034,0.4415629405840886,0.5095615498702262
25,0.032914095436604375,0.7785107334525939,0.4397115451417793,0.5924158715123286,-1,-1,-1
26,0.03289880434947492,0.7787343470483006,0.4417499105468321,0.590772118036244,-1,-1,-1
27,0.0329045145397536,0.7786225402504472,0.44073222937042583,0.5920305692667778,-1,-1,-1
28,0.03287248681291058,0.7785107334525939,0.4416751298995564,0.5921020824643122,-1,-1,-1
29,0.032848089693484024,0.7787343470483006,0.44272671296942445,0.5872008394744159,0.7768336314847941,0.43916548670475725,0.5114166203188728
30,0.03284673317467164,0.7786225402504472,0.4417125214435919,0.5928535322812385,-1,-1,-1
31,0.03285124445790575,0.7785107334525939,0.44216352622154115,0.5974826268191509,-1,-1,-1
32,0.03284002095960707,0.7785107334525939,0.4416751298995564,0.5952035826844643,-1,-1,-1
33,0.032803802446117344,0.7794051878354203,0.4463520992438561,0.6073676698067297,-1,-1,-1
34,0.03270164581119001,0.7786225402504472,0.4475112749490225,0.5945390711902113,0.7754919499105546,0.44066462161574965,0.5119507786429366
35,0.03269820379123278,0.7788461538461539,0.4490212258744785,0.6032859861651835,-1,-1,-1
36,0.032731547403567485,0.7788461538461539,0.452322837692672,0.5991825407860585,-1,-1,-1
37,0.03268197818604266,0.7789579606440071,0.4490622885664527,0.6068626598998887,-1,-1,-1
38,0.0327273327240817,0.7790697674418605,0.4495783328250605,0.6042295982804968,-1,-1,-1
39,0.032681319955903,0.7790697674418605,0.4486274137875093,0.6004712629194476,0.776386404293381,0.4409642217101894,0.49674059139784954
40,0.03266843604940208,0.7795169946332736,0.45814908681230737,0.6080286690072303,-1,-1,-1
41,0.03260112695282655,0.7786225402504472,0.4536369226759411,0.6066613004611605,-1,-1,-1
42,0.03253535661939698,0.7794051878354203,0.4585616044422802,0.6066399370249351,-1,-1,-1
43,0.03258241323191066,0.7805232558139537,0.4548435678837761,0.6229409268400075,-1,-1,-1
44,0.03259023983358057,0.7813059033989267,0.46570793500708235,0.6179719364108268,0.7777280858676208,0.45096194748109136,0.49992294679273264
45,0.03247475979952991,0.7809704830053668,0.4564210861373897,0.6161079222863367,-1,-1,-1
46,0.03242911265293313,0.7809704830053668,0.46194882277306365,0.624481484056359,-1,-1,-1
47,0.03243862865875893,0.7800760286225402,0.46827450063598763,0.6212632091212458,-1,-1,-1
48,0.03239296075982943,0.7797406082289803,0.4759016885552578,0.6191385248655914,-1,-1,-1
49,0.03238654259612287,0.7798524150268338,0.47166590039923406,0.6213708953235076,0.7737030411449016,0.4494433198380567,0.5012994762699295
50,0.03234365061991756,0.7818649373881932,0.4739059396951088,0.6307184849485539,-1,-1,-1
51,0.03225105629204264,0.7813059033989267,0.4749389175732989,0.6219247876691695,-1,-1,-1
52,0.032330976612532716,0.78108228980322,0.47004905276501013,0.6324214766986467,-1,-1,-1
53,0.03219375541110478,0.7824239713774597,0.4893035876923654,0.6321530940049128,-1,-1,-1
54,0.03213482447741603,0.7835420393559929,0.4874366873192768,0.6383861480927884,0.7728085867620751,0.4472672064777328,0.498363922877271
55,0.03219761552159176,0.7839892665474061,0.48684253196133453,0.6393784253916388,-1,-1,-1
56,0.03208481225523305,0.7824239713774597,0.5038240700840622,0.6389251584515202,-1,-1,-1
57,0.032069482267476045,0.7827593917710197,0.4970722828333751,0.6339756123702263,-1,-1,-1
58,0.03209783617333777,0.7837656529516994,0.4816944867001271,0.645646892090749,-1,-1,-1
59,0.03208364870012713,0.7836538461538463,0.48749516379574187,0.6465158045977011,0.7728085867620751,0.4472672064777328,0.5034992584352984
60,0.03202483213085128,0.7847719141323792,0.4884950148525454,0.6467969691439561,-1,-1,-1
61,0.031840753185101295,0.7853309481216458,0.5112002380056981,0.6578798491379311,-1,-1,-1
62,0.03202524061493029,0.7856663685152058,0.49591156956091276,0.6600067421556359,-1,-1,-1
63,0.0319324791171523,0.7856663685152058,0.49429751672449307,0.6580657834515202,-1,-1,-1
64,0.03192682629234569,0.7861135957066189,0.509044875671356,0.6599100273451984,0.7643112701252236,0.4494141943683228,0.50231159621802
65,0.0318245258305575,0.7874552772808586,0.494872219862176,0.6721737622242305,-1,-1,-1
66,0.031772770384103324,0.787567084078712,0.5166604472517771,0.6552836847075454,-1,-1,-1
67,0.0316560284679419,0.7876788908765653,0.5228971183834904,0.6649113163932147,-1,-1,-1
68,0.03164996843358538,0.789355992844365,0.5170460251621646,0.6664021945680386,-1,-1,-1
69,0.031630738008574105,0.7895796064400714,0.5366679702914482,0.673263804400723,0.7593917710196781,0.4575047621796352,0.5028619762699296
70,0.03156358072924059,0.7868962432915921,0.5241626290759012,0.6685559910317018,-1,-1,-1
71,0.03150749893289239,0.7853309481216458,0.541561719839785,0.6624868560553392,-1,-1,-1
72,0.03155293442602128,0.7877906976744187,0.5340840226313412,0.6763792089590286,-1,-1,-1
73,0.03135423995687731,0.7891323792486582,0.5512413847117795,0.6756814211971636,-1,-1,-1
74,0.031496088950160046,0.7887969588550985,0.5472277979443521,0.6790908083634595,0.757155635062612,0.4675945353969204,0.5055513070077864
75,0.03136976268009178,0.791592128801431,0.5407652406812478,0.688887609496663,-1,-1,-1
76,0.0313488761019728,0.7909212880143113,0.5278833494795936,0.680554022698832,-1,-1,-1
77,0.031222648058946315,0.7896914132379249,0.5553540195633867,0.684002950326752,-1,-1,-1
78,0.03124880707241288,0.7885733452593918,0.559322022416257,0.6757160009964776,-1,-1,-1
79,0.031011153324065673,0.7866726296958855,0.5642535987250835,0.6823253412356322,0.7437388193202147,0.46569349275436656,0.4963176677790137
80,0.03101588041923127,0.7948345259391771,0.557377405083424,0.6950934704648684,-1,-1,-1
81,0.031199592517185723,0.7943872987477638,0.5613602140393663,0.7034899526673156,-1,-1,-1
82,0.030989176941925597,0.7947227191413238,0.5655440414507773,0.6949438902020764,-1,-1,-1
83,0.030913512244127517,0.7961762075134168,0.5599609179494193,0.696797077771598,-1,-1,-1
84,0.030877916778776,0.7938282647584972,0.5834789021224152,0.7010375750254912,0.7491055456171737,0.47688315782757357,0.504586114200964
85,0.03087090781668271,0.795505366726297,0.5652558709186536,0.7028255135914905,-1,-1,-1
86,0.030743713550642798,0.7952817531305904,0.5862825006675099,0.7014593761586949,-1,-1,-1
87,0.030666068048018143,0.7924865831842576,0.5750191266256863,0.703980985817575,-1,-1,-1
88,0.030382954985343172,0.7804114490161002,0.5985345220686511,0.6879408833889507,-1,-1,-1
89,0.030468706376450754,0.7991949910554561,0.5956183027543953,0.7164649451357992,0.7477638640429338,0.4733770409654654,0.4959816462736374
90,0.030418739377559297,0.7958407871198568,0.5927578991045122,0.7065875422923619,-1,-1,-1
91,0.030295907882956892,0.7927101967799642,0.6021458845641248,0.7067630483523359,-1,-1,-1
92,0.030010301774710896,0.798412343470483,0.6034877566699234,0.7176870061063219,-1,-1,-1
93,0.030156484201937006,0.8002012522361359,0.5949222696103377,0.7219218547228403,-1,-1,-1
94,0.030113236545476804,0.8026610017889088,0.6067339048712759,0.7302758997265479,0.7441860465116278,0.4757576353775224,0.4989444289951798
95,0.030128309311601792,0.7957289803220036,0.5770756165500374,0.7177700338338895,-1,-1,-1
96,0.030001724804443356,0.7983005366726297,0.5880049748952048,0.7263527400236374,-1,-1,-1
97,0.02975062656921063,0.7994186046511628,0.6154781355877776,0.7254571775352243,-1,-1,-1
98,0.029604208384089052,0.7967352415026834,0.5955605911729978,0.7102129536290323,-1,-1,-1
99,0.02983543543521588,0.8022137745974955,0.5969184800122143,0.7280482726756582,0.7580500894454383,0.48437866972428184,0.49639472098628107
0,0.03324884802522887,0.778175313059034,0.437625754527163,0.5327981611512792,-1,-1,-1
1,0.033258323546012526,0.778175313059034,0.437625754527163,0.52727705262792,-1,-1,-1
2,0.03315818027055061,0.778175313059034,0.437625754527163,0.53830348245736,-1,-1,-1
3,0.03313433993041302,0.778175313059034,0.437625754527163,0.5480689626205043,-1,-1,-1
4,0.0331088919825652,0.7782871198568873,0.4381570513048962,0.5459283463107156,0.778175313059034,0.437625754527163,0.5186399239896181
5,0.03308939435460966,0.778175313059034,0.437625754527163,0.5475476947766036,-1,-1,-1
6,0.03307221052011938,0.7782871198568873,0.4381570513048962,0.556979325987208,-1,-1,-1
7,0.03309478630413416,0.7786225402504472,0.43974792149121145,0.5612516511401557,-1,-1,-1
8,0.03306767678018226,0.7787343470483006,0.4402772073879765,0.5548724204555988,-1,-1,-1
9,0.033057433766294574,0.7786225402504472,0.43974792149121145,0.5679470244716351,0.7772808586762076,0.4373427277302466,0.5037935669262144
10,0.033048966164785656,0.7788461538461539,0.4408059924733746,0.5623993745944568,-1,-1,-1
11,0.03304455436646192,0.7786225402504472,0.44073222937042583,0.5561826870712828,-1,-1,-1
12,0.03300132308895025,0.7788461538461539,0.44129714631045575,0.5651158260335558,-1,-1,-1
13,0.033007210555398084,0.7789579606440071,0.441334277507891,0.5684523240521876,-1,-1,-1
14,0.03297376422268174,0.7788461538461539,0.44129714631045575,0.5681340088524286,0.778175313059034,0.4396023954903661,0.5047923618835743
15,0.03298317932412161,0.7790697674418605,0.4418620632504856,0.5731796541875231,-1,-1,-1
16,0.032977864864300634,0.7788461538461539,0.44129714631045575,0.5757003948252688,-1,-1,-1
17,0.03296228511548853,0.7788461538461539,0.44129714631045575,0.5795286139692251,-1,-1,-1
18,0.032958493488032724,0.7790697674418605,0.4443003804705932,0.5772227388070078,-1,-1,-1
19,0.03291210258956032,0.7790697674418605,0.44235171855064376,0.5799080141129033,0.7777280858676208,0.43748427672955975,0.514542199666296
20,0.03290539455795011,0.7795169946332736,0.4444549017236242,0.5801101339451242,-1,-1,-1
21,0.03288865672201185,0.7794051878354203,0.4453861543221837,0.5814860840748981,-1,-1,-1
22,0.032880748497165595,0.7796288014311269,0.44497945996095783,0.5776424760150167,-1,-1,-1
23,0.03283770344751572,0.7788461538461539,0.4461540156891857,0.5769787973326844,-1,-1,-1
24,0.0328401743579316,0.7794051878354203,0.4453861543221837,0.583514669076752,0.7768336314847941,0.43916548670475725,0.5186723674453096
25,0.03280489371959553,0.7798524150268338,0.4465105615105827,0.5865898089891546,-1,-1,-1
26,0.032772859390191936,0.7796288014311269,0.44691332367442493,0.5826683511192993,-1,-1,-1
27,0.03276834430502917,0.7792933810375671,0.4434043016816417,0.5976243134733037,-1,-1,-1
28,0.032787786351853386,0.7796288014311269,0.447394339302724,0.5966892829416944,-1,-1,-1
29,0.03268784837720646,0.7796288014311269,0.44497945996095783,0.5981099876598999,0.776386404293381,0.43705941591137965,0.5181370504263997
30,0.032650158895522835,0.7791815742397138,0.4500938981386144,0.5914498821027994,-1,-1,-1
31,0.03265361968521195,0.7798524150268338,0.44795507564031634,0.6010368508412125,-1,-1,-1
32,0.032689972085901575,0.7799642218246869,0.44847522057178524,0.6031272087620505,-1,-1,-1
33,0.032632075248482724,0.7795169946332736,0.450218527746534,0.6018841102382276,-1,-1,-1
34,0.03260927597703896,0.7799642218246869,0.4503847227504445,0.6040153845708194,0.7759391771019678,0.4388739370278706,0.5114884593993325
35,0.03264497428439384,0.7805232558139537,0.44963728465309344,0.6130175382948647,-1,-1,-1
36,0.032611893891475174,0.7792933810375671,0.4438914685610721,0.6124496691926214,-1,-1,-1
37,0.032498680153438465,0.7805232558139537,0.4529637189964323,0.6120540835303114,-1,-1,-1
38,0.03243641164953519,0.7806350626118068,0.4539487482298895,0.6146927213686504,-1,-1,-1
39,0.03250438223504636,0.7799642218246869,0.447995423846177,0.6120190692204301,0.7759391771019678,0.4388739370278706,0.5160629866518354
40,0.03235087201019252,0.78141771019678,0.45753099714068235,0.6175606721588802,-1,-1,-1
41,0.03239229783808983,0.78141771019678,0.460764947168101,0.6151479073971079,-1,-1,-1
42,0.03229610858175217,0.7806350626118068,0.4680838061981667,0.6242752001645346,-1,-1,-1
43,0.03229688861355692,0.7811940966010733,0.4841586646519175,0.6174119247080089,-1,-1,-1
44,0.032197487532212826,0.7811940966010733,0.4652102196088417,0.6306320535548758,0.7732558139534884,0.4474321836492076,0.51037379495736
45,0.03214283728862118,0.7816413237924866,0.47638827999908273,0.6333201893886726,-1,-1,-1
46,0.03221905592175897,0.7818649373881932,0.4668498408057487,0.6363599528990546,-1,-1,-1
47,0.03205564385363316,0.7818649373881932,0.479055748569808,0.6359636792616796,-1,-1,-1
48,0.03205048766200412,0.782871198568873,0.47086454667000066,0.6379974059719132,-1,-1,-1
49,0.031984157153873406,0.7835420393559929,0.48158268978702945,0.6308947876112347,0.7710196779964222,0.44843216117202,0.5065234519836856
50,0.03183183116815011,0.7823121645796064,0.4932660627809409,0.6435221716258807,-1,-1,-1
51,0.031857627670552204,0.7830948121645795,0.4817818950040403,0.6450884011749167,-1,-1,-1
52,0.03183591278846341,0.7851073345259392,0.49236850410963046,0.6569964529454023,-1,-1,-1
53,0.0317241867357775,0.7858899821109123,0.4940143343540928,0.6653144335720245,-1,-1,-1
54,0.03163599647241703,0.7855545617173524,0.5083302952553246,0.6574186523799591,0.7598389982110911,0.4510605673396372,0.498076566555432
55,0.03163582498577552,0.7862254025044723,0.4994201199242345,0.6580853364270486,-1,-1,-1
56,0.03156752075520153,0.7789579606440071,0.5300770130159531,0.6564372016360771,-1,-1,-1
57,0.031549530538642026,0.7854427549194991,0.48801704062806767,0.6487474508713384,-1,-1,-1
58,0.031507996667329764,0.7873434704830053,0.5036112116511196,0.6694679200848164,-1,-1,-1
59,0.03151348021301259,0.7852191413237924,0.5173698601446473,0.6601876795977012,0.7562611806797853,0.4593635358978761,0.49795374490174266
60,0.03136646784408841,0.7882379248658319,0.5203770858296092,0.6771926851594365,-1,-1,-1
61,0.0312715353001049,0.7891323792486582,0.5209515591609654,0.6752071529129589,-1,-1,-1
62,0.031279887470928205,0.785778175313059,0.5466134985946018,0.66971048560901,-1,-1,-1
63,0.03132022899943729,0.7836538461538463,0.543215974761412,0.6696881083147943,-1,-1,-1
64,0.03126774428408986,0.7871198568872988,0.5372949078946739,0.6746787518539117,0.751788908765653,0.4620374845837226,0.4946062754912866
65,0.03109355842984533,0.787567084078712,0.5372749914690386,0.6792593984635708,-1,-1,-1
66,0.031078008643296514,0.7802996422182469,0.5490259438587727,0.6680956632948647,-1,-1,-1
67,0.03098502406460601,0.787902504472272,0.546895634513282,0.6754857466050241,-1,-1,-1
68,0.030849424370752783,0.7906976744186046,0.5636030621449277,0.6912769106878013,-1,-1,-1
69,0.030919662335211134,0.7861135957066189,0.541153883523174,0.6886894002595476,0.7473166368515206,0.45697152468266317,0.4859311271783463
70,0.030673244278311515,0.7898032200357782,0.5686754949220088,0.6977103827748424,-1,-1,-1
71,0.03073429492883691,0.7979651162790697,0.5674878794410996,0.7198527154013719,-1,-1,-1
72,0.030515853667128598,0.7911449016100179,0.5582754454288517,0.7018388487208009,-1,-1,-1
73,0.030587346772854893,0.7899150268336315,0.5618238518313914,0.6974430863575267,-1,-1,-1
74,0.030409962050483456,0.7865608228980322,0.5852759457636093,0.7053031652646459,0.7347942754919499,0.4801164177126499,0.498261957730812
75,0.030402659996677597,0.7895796064400714,0.5802685466126462,0.7067273460673896,-1,-1,-1
76,0.0303917182776044,0.7927101967799642,0.571822711385439,0.7096077166180015,-1,-1,-1
77,0.030183628946209528,0.7884615384615384,0.591805763969939,0.7097381784158325,-1,-1,-1
78,0.030051089858233074,0.789355992844365,0.5790265141033708,0.7137616738505747,-1,-1,-1
79,0.02991797847669965,0.7764982110912343,0.5954859184448862,0.698001758319429,0.7240608228980322,0.49881407130103406,0.49095175194660734
80,0.029905082929499567,0.7847719141323792,0.5884971457922834,0.708797028527067,-1,-1,-1
81,0.03005003810515344,0.7885733452593918,0.5948075019253891,0.718332797436967,-1,-1,-1
82,0.030045543752330785,0.8010957066189625,0.5895522081974374,0.7454743551863182,-1,-1,-1
83,0.029868142031239803,0.7957289803220036,0.5831602505086111,0.7212734201195774,-1,-1,-1
84,0.029834728956235863,0.8032200357781754,0.6096873192117536,0.744597404233871,0.7428443649373883,0.47643637930325355,0.4965621523915461
85,0.02948155167824147,0.7981887298747764,0.6251284708790555,0.751576694011865,-1,-1,-1
86,0.029650095986845454,0.7989713774597497,0.6168888672890285,0.7408003974323323,-1,-1,-1
87,0.029247213949737588,0.7932692307692307,0.618781649419492,0.7380270613181312,-1,-1,-1
88,0.02948536450286564,0.7952817531305904,0.6188675777139829,0.739797402206155,-1,-1,-1
89,0.029399520477649883,0.8015429338103757,0.6264916858309382,0.7503768654987023,0.7374776386404294,0.492817112957405,0.5024900352243233
90,0.029246378388449096,0.8035554561717353,0.6169045667796853,0.7527077250185392,-1,-1,-1
91,0.029199816476493702,0.7963998211091234,0.6213779455942274,0.7418893895416203,-1,-1,-1
92,0.02898927761678299,0.8028846153846153,0.6262108262108261,0.7528473477474972,-1,-1,-1
93,0.029210819447936225,0.7958407871198568,0.6297918922700187,0.7541728946514645,-1,-1,-1
94,0.029202480065721306,0.7972942754919499,0.6368487035249017,0.7586255778990545,0.7298747763864043,0.505595864785515,0.5068664256581388
95,0.028666931307792982,0.7987477638640429,0.6232899791091043,0.7529161090447719,-1,-1,-1
96,0.029051922914806974,0.8071332737030411,0.6403204999760461,0.77193930756396,-1,-1,-1
97,0.029386580646811104,0.8109347048300537,0.6225093612626863,0.769349515955228,-1,-1,-1
98,0.028485189676817926,0.8103756708407871,0.6309907890153218,0.7776652154013719,-1,-1,-1
99,0.028744283338845416,0.8069096601073346,0.6557224970900446,0.7745521282327587,0.7231663685152057,0.4938754972718839,0.4955031053021876
0,0.033383940489819415,0.7780635062611807,0.43759039174998426,0.5381686393446421,-1,-1,-1
1,0.03334126145660558,0.778175313059034,0.437625754527163,0.5300189591444197,-1,-1,-1
2,0.03321507683253726,0.778175313059034,0.437625754527163,0.5471332803230442,-1,-1,-1
3,0.03316962052876386,0.778175313059034,0.4381214343696025,0.5532368864710789,-1,-1,-1
4,0.033155847755668946,0.778175313059034,0.437625754527163,0.5515311428207267,0.778175313059034,0.437625754527163,0.4871292176492399
5,0.03312423601513312,0.778175313059034,0.4381214343696025,0.5535167836948461,-1,-1,-1
6,0.03312957491592399,0.778175313059034,0.437625754527163,0.5618467495712829,-1,-1,-1
7,0.03312225881397511,0.7782871198568873,0.4381570513048962,0.5657351484288098,-1,-1,-1
8,0.03310098258648501,0.7782871198568873,0.4406215627156988,0.5506007108592881,-1,-1,-1
9,0.03309690408002126,0.7782871198568873,0.4406215627156988,0.5445028981854838,0.7777280858676208,0.43748427672955975,0.47920664163885796
10,0.03310436741923763,0.7783989266547405,0.44114859469757534,0.5429329390874119,-1,-1,-1
11,0.03308102271264696,0.7786225402504472,0.44073222937042583,0.552338173781053,-1,-1,-1
12,0.03304397418915106,0.7782871198568873,0.44306104976179467,0.5545930663700408,-1,-1,-1
13,0.033055509923755694,0.7787343470483006,0.44272671296942445,0.5497216235632184,-1,-1,-1
14,0.03301444944087582,0.7764982110912343,0.4555615994386263,0.5446164140711902,0.7678890876565295,0.4436389629728355,0.47810182610307744
15,0.03301672495515061,0.7783989266547405,0.4445517719376414,0.5562173754982388,-1,-1,-1
16,0.03298431097934679,0.7785107334525939,0.4431373399453857,0.5632506894234335,-1,-1,-1
17,0.03299340781504172,0.7788461538461539,0.4451905225445824,0.5609402156910457,-1,-1,-1
18,0.032992574429615985,0.7791815742397138,0.4448239507279842,0.5681376659830367,-1,-1,-1
19,0.032958354702642544,0.7789579606440071,0.44426174713378475,0.5708092179968484,0.776386404293381,0.4390197396810742,0.47765920467185763
20,0.032968094732365796,0.7724731663685152,0.46911002109875405,0.5574542460372636,-1,-1,-1
21,0.032980422129478035,0.7788461538461539,0.4447073086244352,0.5759769608013534,-1,-1,-1
22,0.03292987731073805,0.7747093023255814,0.46240455282207216,0.5624028506789951,-1,-1,-1
23,0.0329208515687764,0.778175313059034,0.4566902595214021,0.5747165904824805,-1,-1,-1
24,0.032900848765799205,0.7795169946332736,0.4444549017236242,0.5836836936874306,0.7772808586762076,0.44126366072234985,0.4869843807934742
25,0.03290080212969633,0.7792933810375671,0.44583024632185797,0.5759307578443641,-1,-1,-1
26,0.03286865370244801,0.7760509838998211,0.4638607160823033,0.5708023744554134,-1,-1,-1
27,0.03288130097804268,0.7795169946332736,0.4444549017236242,0.5883673555107527,-1,-1,-1
28,0.03287763944918653,0.7790697674418605,0.44526877747314664,0.5841961264831294,-1,-1,-1
29,0.032811127438114984,0.7790697674418605,0.4491033523464255,0.5870777643562292,0.7732558139534884,0.4399149041708517,0.4905624304783093
30,0.03279661677597834,0.7789579606440071,0.45189648569450497,0.5837146163561364,-1,-1,-1
31,0.03278453155105837,0.7795169946332736,0.4468734633255392,0.5995336615336485,-1,-1,-1
32,0.032706449671326895,0.7777280858676208,0.4587838376680735,0.5817306773150723,-1,-1,-1
33,0.03272118547361524,0.7792933810375671,0.45988375273171533,0.5921007789326103,-1,-1,-1
34,0.03276685831905051,0.7795169946332736,0.44590898786662375,0.599460989641268,0.776386404293381,0.4409642217101894,0.48495782350760097
35,0.03270388803942952,0.7802996422182469,0.44955512834602734,0.6015936037147757,-1,-1,-1
36,0.032667901730148226,0.7796288014311269,0.45496002980732553,0.6019304218228587,-1,-1,-1
37,0.0326331705204836,0.7668828264758497,0.48500387194888805,0.5905515315049128,-1,-1,-1
38,0.03263050867394546,0.7791815742397138,0.4625476060101906,0.6103199518562291,-1,-1,-1
39,0.03256988267652517,0.7786225402504472,0.4649817861203276,0.6101753684649611,0.7687835420393561,0.4457829361405703,0.49448808861698185
40,0.03258684373998844,0.7809704830053668,0.455486840025134,0.620837243928439,-1,-1,-1
41,0.03256466613386046,0.7811940966010733,0.45557469589580446,0.6143313172043011,-1,-1,-1
42,0.03252921600981027,0.7791815742397138,0.46074438363675896,0.6182375309950872,-1,-1,-1
43,0.03250564774914856,0.7798524150268338,0.46238262854722967,0.6184207858268447,-1,-1,-1
44,0.03245455014631019,0.7799642218246869,0.46288104709956,0.621469529222284,0.7705724508050089,0.4408929195503817,0.49557726177233963
45,0.0324836928524037,0.78108228980322,0.46062566411748224,0.6252051251969781,-1,-1,-1
46,0.032438530010206225,0.7798524150268338,0.47123238569586345,0.6116954674754357,-1,-1,-1
47,0.032393302708491015,0.7817531305903399,0.46635236350920783,0.6348549169215795,-1,-1,-1
48,0.03230981237033452,0.78108228980322,0.46784055423207155,0.6280597509964776,-1,-1,-1
49,0.032354861691140956,0.78141771019678,0.4745607679520508,0.6206687624559697,0.7683363148479428,0.440122353960262,0.4927268724508714
50,0.032265351178900926,0.7769454382826477,0.48760506436854983,0.6240978474346496,-1,-1,-1
51,0.0323529559185925,0.7791815742397138,0.4871877498012476,0.627924763046904,-1,-1,-1
52,0.032278227891393126,0.7824239713774597,0.4750375812853644,0.6391756175843529,-1,-1,-1
53,0.03230792708854876,0.7820885509838997,0.4744452467789682,0.6366545148544679,-1,-1,-1
54,0.03219865633371371,0.782871198568873,0.47869702348023846,0.6439150778063588,0.7710196779964222,0.4447684174790242,0.5035792083796811
55,0.032224074269316706,0.7837656529516994,0.47392459514170043,0.6549721768400074,-1,-1,-1
56,0.032090530842409364,0.7825357781753131,0.5023665086991775,0.6455579260520949,-1,-1,-1
57,0.032055547370946895,0.7835420393559929,0.49513621036799854,0.6431805376923433,-1,-1,-1
58,0.032027964162005505,0.7851073345259392,0.48533157529476784,0.6581502595476455,-1,-1,-1
59,0.03204895360545257,0.7839892665474061,0.49498433206551956,0.6521101643608639,0.7674418604651162,0.44886846256522267,0.5106066926214312
60,0.03198316132179953,0.7829830053667263,0.49323289478604454,0.6553577325500557,-1,-1,-1
61,0.03190361721897648,0.784995527728086,0.497138001406725,0.65656639611142,-1,-1,-1
62,0.031830022309795154,0.784995527728086,0.5026371550979635,0.6652244174661661,-1,-1,-1
63,0.03188312751256023,0.7852191413237924,0.5046978741682288,0.6581410986165184,-1,-1,-1
64,0.03189255260864076,0.7865608228980322,0.5089348251115755,0.669074543184557,0.7629695885509838,0.44715328821289085,0.5077539859102707
65,0.031745448565253846,0.7833184257602862,0.5204362784987223,0.664316471426585,-1,-1,-1
66,0.03176622323471926,0.7880143112701252,0.5067334290905219,0.6773446552303486,-1,-1,-1
67,0.03167139362603799,0.7882379248658319,0.5126048234466162,0.683994948090471,-1,-1,-1
68,0.03157160357007347,0.7881261180679786,0.5048517654632523,0.6819945700662773,-1,-1,-1
69,0.03158304197563788,0.7867844364937389,0.5212455771683856,0.6832570767287727,0.7598389982110911,0.45605595584054937,0.51096588802373
70,0.031420981766379474,0.7896914132379249,0.5123591341488727,0.677573642299314,-1,-1,-1
71,0.031367761387834606,0.7898032200357782,0.5271395218953655,0.6936048372613088,-1,-1,-1
72,0.03140730017959432,0.787902504472272,0.5355068362627847,0.68930108251066,-1,-1,-1
73,0.03132527350899572,0.789355992844365,0.5381897351232956,0.6857124959445681,-1,-1,-1
74,0.031162760368746593,0.7901386404293381,0.5201329276102772,0.7048810020393029,0.7674418604651162,0.45586737750089845,0.5117109288097886
75,0.031237953724023056,0.7917039355992844,0.529118090029431,0.7045430614455876,-1,-1,-1
76,0.03106866458061023,0.791592128801431,0.5756858308788108,0.6963012650050983,-1,-1,-1
77,0.031141932330665735,0.7919275491949911,0.5449785081908349,0.7088837133852429,-1,-1,-1
78,0.031058090184157137,0.7943872987477638,0.542416245186758,0.7077195509478124,-1,-1,-1
79,0.030869995758657166,0.7882379248658319,0.5545715072147593,0.6959633968298109,0.7562611806797853,0.46870322727191477,0.5129959213941416
80,0.030826737749355317,0.7914803220035777,0.5688530793932208,0.7121198394628291,-1,-1,-1
81,0.03075402461605443,0.7953935599284436,0.5795942287238852,0.7187506155566371,-1,-1,-1
82,0.030737748562836478,0.7971824686940966,0.5849080701380943,0.7177497928832961,-1,-1,-1
83,0.030677802339262848,0.7947227191413238,0.5745672790694422,0.7198430475412496,-1,-1,-1
84,0.030617537593372393,0.7965116279069767,0.569921291597321,0.7278562552141268,0.7562611806797853,0.4776612329067165,0.5250081108639228
85,0.030621036625598858,0.7936046511627906,0.5867338520415928,0.7211794934186133,-1,-1,-1
86,0.0304716191052964,0.7981887298747764,0.5862902617180648,0.7271440561851131,-1,-1,-1
87,0.030288487091353945,0.7951699463327372,0.5987172201643336,0.7183530383875603,-1,-1,-1
88,0.030306291121702928,0.798412343470483,0.5944308622059331,0.7252232298039487,-1,-1,-1
89,0.030386228595855304,0.7994186046511628,0.5981204940029909,0.7275334138626252,0.7513416815742398,0.47517320918671474,0.5115440767519466
90,0.03032338319842792,0.7971824686940966,0.609568935113099,0.7304005680501483,-1,-1,-1
91,0.03029226691150548,0.7933810375670842,0.6110184186298708,0.7293189626205042,-1,-1,-1
92,0.0302774140124804,0.7987477638640429,0.6086003289865551,0.7359374999999999,-1,-1,-1
93,0.02987646254875792,0.8005366726296959,0.609709553839749,0.7479818794609752,-1,-1,-1
94,0.029931497187828494,0.7966234347048301,0.6141127436487399,0.7386052500463478,0.7370304114490162,0.48386630759929966,0.5159691323692992
95,0.029992980839208115,0.8025491949910554,0.6026268969126112,0.7448257757461996,-1,-1,-1
96,0.029712643902515577,0.7997540250447227,0.6244220890034574,0.7447977860238228,-1,-1,-1
97,0.029789254874030998,0.7958407871198568,0.6246744001682603,0.7355766389738598,-1,-1,-1
98,0.02937369957759523,0.7910330948121646,0.6369266340041867,0.7392875764738598,-1,-1,-1
99,0.029728690473019598,0.8046735241502684,0.6365584706470448,0.7569095870411569,0.7294275491949911,0.4834444318434792,0.5100227104189841
0,0.03333594030425725,0.778175313059034,0.437625754527163,0.5243765497543567,-1,-1,-1
1,0.03331714255605326,0.778175313059034,0.437625754527163,0.5238016198553949,-1,-1,-1
2,0.033186674344624946,0.778175313059034,0.437625754527163,0.5331405916875231,-1,-1,-1
3,0.033157256483525195,0.778175313059034,0.437625754527163,0.5392441616263441,-1,-1,-1
4,0.03314046612532546,0.778175313059034,0.437625754527163,0.5461751121037264,0.778175313059034,0.437625754527163,0.5290699156470152
5,0.033137548859822626,0.778175313059034,0.437625754527163,0.5448762875996478,-1,-1,-1
6,0.033118783467997376,0.7782871198568873,0.4381570513048962,0.5451571262629774,-1,-1,-1
7,0.03312036438057056,0.778175313059034,0.437625754527163,0.548928822823971,-1,-1,-1
8,0.033129258211268935,0.7782871198568873,0.4381570513048962,0.5511410971681499,-1,-1,-1
9,0.033125433326100726,0.7782871198568873,0.4381570513048962,0.5513095786406192,0.778175313059034,0.437625754527163,0.5284691323692992
10,0.03311224183324251,0.7782871198568873,0.4381570513048962,0.5556824929898961,-1,-1,-1
11,0.03310007772246819,0.7783989266547405,0.4386878442139879,0.5507582933583611,-1,-1,-1
12,0.03309487019647213,0.7783989266547405,0.4386878442139879,0.5486821294493882,-1,-1,-1
13,0.03308776819542024,0.7783989266547405,0.4386878442139879,0.5524087093298109,-1,-1,-1
14,0.033077863599831815,0.7782871198568873,0.4381570513048962,0.5587906557054134,0.778175313059034,0.437625754527163,0.5294343251761217
15,0.033089973182419116,0.7783989266547405,0.4386878442139879,0.5569758861118835,-1,-1,-1
16,0.033078203159376096,0.7783989266547405,0.4386878442139879,0.5592394689122173,-1,-1,-1
17,0.033061702504140957,0.7783989266547405,0.4386878442139879,0.5539549876019652,-1,-1,-1
18,0.03306318719393186,0.7783989266547405,0.4386878442139879,0.5530978792987579,-1,-1,-1
19,0.03306127059704929,0.7785107334525939,0.43921813402106463,0.5585435640294772,0.7777280858676208,0.43748427672955975,0.5126784390063033
20,0.033057697242282476,0.7786225402504472,0.43974792149121145,0.5566875521412681,-1,-1,-1
21,0.033061241957630584,0.7785107334525939,0.43921813402106463,0.5644788697511124,-1,-1,-1
22,0.03305212329833207,0.7783989266547405,0.4386878442139879,0.561752750451891,-1,-1,-1
23,0.033043188249529044,0.7785107334525939,0.43921813402106463,0.5644774575917686,-1,-1,-1
24,0.03303115668644952,0.7786225402504472,0.43974792149121145,0.5617014057865221,0.7786225402504472,0.43974792149121145,0.5092388533555803
25,0.03301479598284034,0.7787343470483006,0.4402772073879765,0.5661034323438079,-1,-1,-1
26,0.0330153689927993,0.7787343470483006,0.4402772073879765,0.5658928395555246,-1,-1,-1
27,0.033036378103979795,0.7786225402504472,0.43974792149121145,0.5681747804273267,-1,-1,-1
28,0.03298302832990885,0.7786225402504472,0.43974792149121145,0.566861834329811,-1,-1,-1
29,0.033013194927709155,0.7785107334525939,0.43921813402106463,0.5703066703165555,0.778175313059034,0.437625754527163,0.5159552280311457
30,0.032963304618816684,0.7787343470483006,0.4402772073879765,0.5685618207151465,-1,-1,-1
31,0.03298290236144991,0.7788461538461539,0.4408059924733746,0.5734940225829626,-1,-1,-1
32,0.03298036128029307,0.7787343470483006,0.4402772073879765,0.5701125165114016,-1,-1,-1
33,0.032959142594876464,0.7786225402504472,0.43974792149121145,0.5756160635659993,-1,-1,-1
34,0.032914134167294704,0.7787343470483006,0.4402772073879765,0.5757291449411384,0.778175313059034,0.437625754527163,0.5115915832406378
35,0.03293599119020063,0.7786225402504472,0.43974792149121145,0.575814562476826,-1,-1,-1
36,0.032941013762864,0.7787343470483006,0.44076911238650296,0.5727765732179273,-1,-1,-1
37,0.03294022066255428,0.7787343470483006,0.4402772073879765,0.5821900274031332,-1,-1,-1
38,0.032892606825915986,0.7785107334525939,0.4406953434220148,0.5788836916597145,-1,-1,-1
39,0.03288558358743067,0.7786225402504472,0.44122287587564507,0.5819569849022062,0.7786225402504472,0.43974792149121145,0.5071700037078235
40,0.03288156118190619,0.7787343470483006,0.4402772073879765,0.5862762734056359,-1,-1,-1
41,0.032866409854806815,0.7788461538461539,0.4408059924733746,0.5835568528109937,-1,-1,-1
42,0.032875065078662315,0.7791815742397138,0.4423893504585963,0.5857888249675565,-1,-1,-1
43,0.03283825020883932,0.7791815742397138,0.4423893504585963,0.589628087921765,-1,-1,-1
44,0.03284725457203303,0.7790697674418605,0.4418620632504856,0.5910569759223211,0.7777280858676208,0.43748427672955975,0.5049105487578791
45,0.03285925514322967,0.7787343470483006,0.4417499105468321,0.5942467904152763,-1,-1,-1
46,0.032764805034336125,0.7788461538461539,0.44276460223596786,0.5993508774216723,-1,-1,-1
47,0.03277536682877856,0.7788461538461539,0.44373793146297247,0.6007302312175565,-1,-1,-1
48,0.032786171320219375,0.7789579606440071,0.44182468144640247,0.6054264576381164,-1,-1,-1
49,0.03269754082950795,0.7792933810375671,0.4434043016816417,0.6046099760729515,0.778175313059034,0.4396023954903661,0.4939249629217649
50,0.03272834933681117,0.7796288014311269,0.44883155205735853,0.6095130657327587,-1,-1,-1
51,0.03273144134941756,0.7795169946332736,0.44542527848583496,0.610447951427512,-1,-1,-1
52,0.03268820512206802,0.7783989266547405,0.4474305892462629,0.606963900862069,-1,-1,-1
53,0.03266154677308896,0.7794051878354203,0.4492265503053402,0.6102632844364109,-1,-1,-1
54,0.032674522913845795,0.7789579606440071,0.4461936329466137,0.6153391282559325,0.778175313059034,0.4415629405840886,0.5003754171301446
55,0.03266533617636652,0.7794051878354203,0.4511235947891784,0.6186667188079348,-1,-1,-1
56,0.03262234975838757,0.7795169946332736,0.4563072127525252,0.6225843385011124,-1,-1,-1
57,0.032561592366179865,0.7801878354203936,0.45888140969301816,0.6146127714242677,-1,-1,-1
58,0.032488935965251625,0.7801878354203936,0.46252497267372056,0.6247463906655543,-1,-1,-1
59,0.032545014082958956,0.7795169946332736,0.4728043728119411,0.6232639854467928,0.7696779964221825,0.4497271668599603,0.5074353448275862
60,0.032463379634114414,0.7802996422182469,0.4603008865487851,0.6341100571815907,-1,-1,-1
61,0.032435992204505874,0.78141771019678,0.4762808401433519,0.6311358685576567,-1,-1,-1
62,0.032448794199603614,0.7815295169946332,0.4767626941342229,0.6327930918613275,-1,-1,-1
63,0.03249185281257563,0.7816413237924866,0.47767080887704416,0.6335367204880423,-1,-1,-1
64,0.03233895231244922,0.7818649373881932,0.46369231284623275,0.6367368908161847,0.7750447227191413,0.44051476056520195,0.5042402437893956
65,0.032366197128082114,0.7818649373881932,0.48074606428755606,0.6372141644651464,-1,-1,-1
66,0.032367698190157335,0.7829830053667263,0.4850763593768311,0.6427144164812755,-1,-1,-1
67,0.03230718492775196,0.7832066189624329,0.4818379164420191,0.6485732483430664,-1,-1,-1
68,0.03225182181420821,0.7805232558139537,0.5015828094608886,0.6462197942737301,-1,-1,-1
69,0.03221672775193862,0.7845483005366727,0.49084366699756493,0.6533488091513718,0.7678890876565295,0.4472535433655936,0.5075778642936597
70,0.03213059994157184,0.7839892665474061,0.4864272630263466,0.6566368230325361,-1,-1,-1
71,0.03210646405229628,0.7837656529516994,0.4995970785999905,0.6614372233616055,-1,-1,-1
72,0.032011577026495354,0.7841010733452592,0.5025055958119231,0.6600281780102892,-1,-1,-1
73,0.03207930792889463,0.7833184257602862,0.504347769394078,0.6568889839984241,-1,-1,-1
74,0.0319595207861743,0.7856663685152058,0.5045751170532496,0.665855580274379,0.766994633273703,0.4486968167545709,0.5109172228401928
75,0.03200040300491671,0.785778175313059,0.5034796717815586,0.6666814400259548,-1,-1,-1
76,0.03192959969100244,0.7804114490161002,0.5147135641275357,0.657326101629125,-1,-1,-1
77,0.031887169657458345,0.7870080500894454,0.5049753574574143,0.6722829330042639,-1,-1,-1
78,0.031826577257624895,0.7853309481216458,0.5081962142591617,0.6746148063820913,-1,-1,-1
79,0.031807960624171815,0.7834302325581395,0.5100442810428634,0.6713835323391733,0.7620751341681573,0.4603032876732217,0.5096131117908788
80,0.0316683811557101,0.7866726296958855,0.5193759203312905,0.6762618548966444,-1,-1,-1
81,0.03170191414141111,0.7883497316636853,0.521535450577409,0.6802317606947534,-1,-1,-1
82,0.03164849378008642,0.7867844364937389,0.5201685286213198,0.6822574851687059,-1,-1,-1
83,0.0316175750085221,0.7856663685152058,0.5215939368585343,0.6799380677604745,-1,-1,-1
84,0.031545320793999646,0.7889087656529515,0.5211713379356403,0.6867851576983686,0.7607334525939177,0.4613399543499277,0.5074712643678161
85,0.03141214392166285,0.7856663685152058,0.5132624787246681,0.6831903069382648,-1,-1,-1
86,0.031587026248584386,0.7824239713774597,0.535999807202254,0.6748949208611419,-1,-1,-1
87,0.03133280142268736,0.7868962432915921,0.5307593790518068,0.6901444313125695,-1,-1,-1
88,0.03120710410191036,0.7889087656529515,0.5460358866212376,0.694153587898591,-1,-1,-1
89,0.0312287975819065,0.7881261180679786,0.538657942669875,0.701295493256396,0.7589445438282647,0.46998256295915164,0.5032721542454579
90,0.031136700433673926,0.7881261180679786,0.5332976927274027,0.7052410302535224,-1,-1,-1
91,0.03128064530093576,0.7885733452593918,0.5548219581738416,0.6972231515920466,-1,-1,-1
92,0.030969855398912657,0.7918157423971377,0.5516565073864546,0.703092230661383,-1,-1,-1
93,0.03094123952150718,0.7872316636851521,0.5574178205949999,0.6980667900676678,-1,-1,-1
94,0.030993247701251656,0.7939400715563506,0.5461042995760438,0.718334680316092,0.7589445438282647,0.4637376719475486,0.5086809417871709
95,0.030932238966906327,0.7873434704830053,0.5720251177394035,0.7035825034181498,-1,-1,-1
96,0.030804035272149366,0.7917039355992844,0.5474202405159886,0.7193596183259178,-1,-1,-1
97,0.030927028901848362,0.7927101967799642,0.5548372319427499,0.7154442436040044,-1,-1,-1
98,0.03087817712425386,0.7938282647584972,0.5528337072205513,0.7178499837782721,-1,-1,-1
99,0.03088780040377901,0.7894677996422182,0.5758941406436603,0.7241536096241195,0.7410554561717353,0.47279419759405883,0.5064794215795329
0,0.03345546238824112,0.778175313059034,0.437625754527163,0.5261710059788653,-1,-1,-1
1,0.03337567172151505,0.778175313059034,0.437625754527163,0.5275467026441416,-1,-1,-1
2,0.0332367902918184,0.778175313059034,0.437625754527163,0.538773224589822,-1,-1,-1
3,0.033197266532837916,0.778175313059034,0.437625754527163,0.5482787225968669,-1,-1,-1
4,0.03314590719503505,0.7782871198568873,0.4381570513048962,0.5500189374188913,0.778175313059034,0.437625754527163,0.5167083796811272
5,0.033127080365908806,0.778175313059034,0.437625754527163,0.5565111046417316,-1,-1,-1
6,0.03311743767022393,0.7787343470483006,0.4402772073879765,0.5555017728031146,-1,-1,-1
7,0.033100309603462705,0.7783989266547405,0.4386878442139879,0.5633136572464775,-1,-1,-1
8,0.033070785308353376,0.7789579606440071,0.441334277507891,0.558226624779848,-1,-1,-1
9,0.03306627502308389,0.7790697674418605,0.4418620632504856,0.5666981324735818,0.778175313059034,0.437625754527163,0.518759848906192
10,0.03307349098536431,0.7788461538461539,0.4408059924733746,0.5664806961438635,-1,-1,-1
11,0.033042049676859635,0.7789579606440071,0.441334277507891,0.5639318571560994,-1,-1,-1
12,0.03303554799234451,0.7786225402504472,0.4417125214435919,0.5729518620226177,-1,-1,-1
13,0.03300825439806701,0.7786225402504472,0.44122287587564507,0.5686406481738969,-1,-1,-1
14,0.03299792087095421,0.7789579606440071,0.44182468144640247,0.571959041585558,0.7777280858676208,0.43748427672955975,0.5241547321097515
15,0.03300258872800628,0.7790697674418605,0.4418620632504856,0.5781703701450686,-1,-1,-1
16,0.03299251945326121,0.7788461538461539,0.4422764481896085,0.5701807346704671,-1,-1,-1
17,0.03295947592172352,0.7783989266547405,0.4426130334477307,0.5677519654361327,-1,-1,-1
18,0.03296579577008759,0.7788461538461539,0.44276460223596786,0.5778143611535966,-1,-1,-1
19,0.03296760144628491,0.7789579606440071,0.44182468144640247,0.5743865072881906,0.778175313059034,0.437625754527163,0.5078014923989618
20,0.03296425528591082,0.7782871198568873,0.44306104976179467,0.5767201911267149,-1,-1,-1
21,0.03290642534544248,0.7787343470483006,0.4432136232506898,0.5791130770300333,-1,-1,-1
22,0.03293164014776299,0.7789579606440071,0.44328989971730787,0.5793183832730812,-1,-1,-1
23,0.032938162812859835,0.7788461538461539,0.44276460223596786,0.5846554041527623,-1,-1,-1
24,0.03289491542463386,0.7782871198568873,0.44208823390910457,0.5827683971774194,0.7777280858676208,0.43748427672955975,0.5092857804968484
25,0.0329253474810229,0.7788461538461539,0.44276460223596786,0.5791409943339821,-1,-1,-1
26,0.03287770687427525,0.7782871198568873,0.44402992127716984,0.5781876419401186,-1,-1,-1
27,0.03288843166682876,0.7788461538461539,0.4432517623363545,0.5835342582614942,-1,-1,-1
28,0.032878177270479834,0.7787343470483006,0.4422388097280273,0.5901183244693178,-1,-1,-1
29,0.032829281993956703,0.7789579606440071,0.4471537181214601,0.5817139486582315,0.7777280858676208,0.44141332042537934,0.5021331572117167
30,0.03284472560973201,0.7794051878354203,0.4434424322935319,0.5983234771852984,-1,-1,-1
31,0.03278739830688948,0.778175313059034,0.44495573945716255,0.5946987538236931,-1,-1,-1
32,0.03280761893105581,0.7791815742397138,0.4500938981386144,0.5863714312198739,-1,-1,-1
33,0.03276617230917452,0.7791815742397138,0.4524509657292096,0.5937875127456433,-1,-1,-1
34,0.03275278842073327,0.7794051878354203,0.4511235947891784,0.6003160340192807,0.7772808586762076,0.44126366072234985,0.4996593437152392
35,0.03273595019688493,0.7790697674418605,0.4462332499237031,0.6037295852451798,-1,-1,-1
36,0.032735573384437666,0.7794051878354203,0.4453861543221837,0.6023646789256581,-1,-1,-1
37,0.03272448201565495,0.7800760286225402,0.44803577253556265,0.6137928137745643,-1,-1,-1
38,0.032677308061495026,0.7798524150268338,0.44747454810499376,0.6151424035965888,-1,-1,-1
39,0.03267370703861731,0.7799642218246869,0.44751465286799225,0.6106682844943456,0.7768336314847941,0.43720110747545937,0.5002468020022246
40,0.03261936730030451,0.7801878354203936,0.4480761217167035,0.6215139217185761,-1,-1,-1
41,0.03257390374920876,0.7797406082289803,0.44695318401928086,0.6248699002943086,-1,-1,-1
42,0.032603107244509384,0.7806350626118068,0.45253389972221325,0.6248961157652022,-1,-1,-1
43,0.03251554349467345,0.7805232558139537,0.4520181035222417,0.635701379715888,-1,-1,-1
44,0.03243867941334017,0.7805232558139537,0.44963728465309344,0.6424297758504821,0.7768336314847941,0.43720110747545937,0.5128244345569151
45,0.03240807568037979,0.7813059033989267,0.4537360354166003,0.6457022197696515,-1,-1,-1
46,0.03237928142554538,0.7819767441860465,0.4586862470899513,0.6412151377688173,-1,-1,-1
47,0.03232520811546307,0.7822003577817531,0.46200899079133095,0.6467539525977939,-1,-1,-1
48,0.03226495260116186,0.7822003577817531,0.4597050097875662,0.6513170739479051,-1,-1,-1
49,0.03227245130564531,0.7839892665474061,0.47003687701038593,0.6593703652206155,0.7719141323792487,0.439464572564456,0.5110238227660363
50,0.03210120486871928,0.7836538461538463,0.4698853415974986,0.6532967403017241,-1,-1,-1
51,0.032193537771515214,0.7829830053667263,0.4695825428005936,0.6634670032675194,-1,-1,-1
52,0.032069183541178596,0.784324686940966,0.4755036325824418,0.6683748363343529,-1,-1,-1
53,0.03211236571516569,0.7854427549194991,0.4764739856447385,0.6714123548734705,-1,-1,-1
54,0.03210118571579563,0.7853309481216458,0.47642062213345865,0.6825937601385799,0.7710196779964222,0.44291497975708505,0.5180628939562477
55,0.03193710988957255,0.7867844364937389,0.48746157774146337,0.6766580561155914,-1,-1,-1
56,0.03199910679715477,0.7854427549194991,0.47735002967620005,0.6857000037657583,-1,-1,-1
57,0.03192976954657991,0.7872316636851521,0.4987933505877147,0.6812930527553763,-1,-1,-1
58,0.031811041792451485,0.7865608228980322,0.48565578443453256,0.6784279987022618,-1,-1,-1
59,0.031731868904143944,0.7861135957066189,0.47811085697675076,0.695075727950037,0.774597495527728,0.44605910700487417,0.5101756581386726
60,0.03155064445875305,0.7880143112701252,0.4943589939315293,0.6967121309556915,-1,-1,-1
61,0.031540392984657786,0.789020572450805,0.5038002773925104,0.6852654207800334,-1,-1,-1
62,0.031520684271357784,0.7920393559928444,0.5217244305832511,0.7014943542593624,-1,-1,-1
63,0.03145593993052547,0.791592128801431,0.516955171294794,0.7055395028040415,-1,-1,-1
64,0.03137523985979329,0.7934928443649373,0.5328093893062308,0.6995650549221357,0.7580500894454383,0.44866141524134817,0.5303635984427142
65,0.031375371427850025,0.7923747763864044,0.5413199953041177,0.701200299232944,-1,-1,-1
66,0.031082548252731722,0.792598389982111,0.5424826381951792,0.7117801246176307,-1,-1,-1
67,0.031151962576497327,0.7975178890876565,0.5568843833297473,0.7231029992816093,-1,-1,-1
68,0.031042928074374927,0.7980769230769231,0.5604825508498189,0.7259507091212458,-1,-1,-1
69,0.0311890063700741,0.7946109123434705,0.5462600061247518,0.7107357422599184,0.7508944543828265,0.45228253723237,0.5393568084909158
70,0.030958179367809476,0.8005366726296959,0.582147793509555,0.7237194249397478,-1,-1,-1
71,0.030864618430397273,0.7993067978533095,0.5617470858376502,0.7296148643168334,-1,-1,-1
72,0.030777788354493744,0.8018783542039356,0.5783667729105372,0.7388336939771042,-1,-1,-1
73,0.030812354563453864,0.7999776386404294,0.5825305348338194,0.7272105725111235,-1,-1,-1
74,0.03078350765473994,0.803108228980322,0.5749265916121379,0.7519009475227104,0.7531305903398927,0.45798604951001143,0.5192969039673712
75,0.030477080275912723,0.800983899821109,0.5905414085997744,0.734608114919355,-1,-1,-1
76,0.030695112152208368,0.8024373881932021,0.5785337130003047,0.7370550973883018,-1,-1,-1
77,0.030548169619148875,0.8017665474060823,0.6088781680722324,0.7383772044169448,-1,-1,-1
78,0.03051469801743523,0.801319320214669,0.5935076887042265,0.7366654862462922,-1,-1,-1
79,0.03034460041438744,0.8041144901610018,0.5793283874669353,0.7555011210372636,0.751788908765653,0.4635629761711784,0.5350574712643678
80,0.030220024504287298,0.8034436493738819,0.6118262559471966,0.7436664291342233,-1,-1,-1
81,0.030102998916266322,0.8021019677996423,0.6158220301174901,0.7422540163260105,-1,-1,-1
82,0.030452347123972098,0.8101520572450805,0.6001214571956595,0.7662308887768818,-1,-1,-1
83,0.02985826710635573,0.809593023255814,0.6300287771793749,0.7604088816856693,-1,-1,-1
84,0.02989787817307896,0.8093694096601073,0.633138698265365,0.7676575680153875,0.7321109123434705,0.47741823466869554,0.5399216722284019
85,0.029957305688297707,0.8128354203935599,0.640345043779051,0.7691581502595477,-1,-1,-1
86,0.02968499546767294,0.8147361359570662,0.649093880536517,0.7749884492607527,-1,-1,-1
87,0.02959387349248039,0.8127236135957067,0.654076865952846,0.7679865649332591,-1,-1,-1
88,0.029509958757790663,0.815742397137746,0.6473983903828687,0.7785396317088432,-1,-1,-1
89,0.029643909031048764,0.8155187835420394,0.6640127859827744,0.775724329115684,0.7204830053667262,0.48441760587516747,0.5349902669632925
90,0.02941321081120341,0.817531305903399,0.6566816849236852,0.7791569988065443,-1,-1,-1
91,0.029656390046404277,0.820438282647585,0.6603881790267416,0.7968009521574898,-1,-1,-1
92,0.02928873980067977,0.8150715563506261,0.6528528793494366,0.7935000115869485,-1,-1,-1
93,0.029170121376990793,0.8177549194991055,0.6655181322067325,0.7944140769836854,-1,-1,-1
94,0.029087929412462684,0.8220035778175313,0.6573504656560383,0.7964773866217093,0.7397137745974955,0.4748275995660933,0.5273069614386355
95,0.028909403699981667,0.8176431127012522,0.6699537433634863,0.7921044722724323,-1,-1,-1
96,0.029039005202462827,0.8197674418604651,0.6597118943533956,0.7956642000950129,-1,-1,-1
97,0.029018157354201154,0.8207737030411449,0.6542603266925398,0.808224705691509,-1,-1,-1
98,0.02893170714378357,0.8224508050089445,0.6874616398131055,0.8080700199295514,-1,-1,-1
99,0.02866281175815995,0.8183139534883721,0.6777561290578056,0.799849876598999,0.7173524150268337,0.48829987543813913,0.5276267612161661
