0,0.02438834986244603,0.8734347048300537,0.4662210551444259,0.5822542536715283,-1,-1,-1
1,0.023861672073662653,0.8734347048300537,0.4662210551444259,0.5929834774443232,-1,-1,-1
2,0.023732340041204808,0.8741055456171736,0.4716604674343572,0.6012616044175945,-1,-1,-1
3,0.023690794521279646,0.8741055456171736,0.4725243967334147,0.6051114621159076,-1,-1,-1
4,0.023586420514762455,0.8739937388193202,0.4716239791234637,0.6130294812366225,0.8729874776386404,0.4660936007640879,0.6172054777615656
5,0.023565067993793536,0.8739937388193202,0.47844524248038267,0.6083390891787392,-1,-1,-1
6,0.023542852210104197,0.8743291592128801,0.4760303324262293,0.6173662110841525,-1,-1,-1
7,0.02347979936682101,0.8748881932021467,0.47878481154521635,0.6236756466901514,-1,-1,-1
8,0.023429606395585327,0.8746645796064401,0.4812219315177542,0.6081683362010787,-1,-1,-1
9,0.023438641528660608,0.875,0.4805159828975463,0.6235078338299871,0.8743291592128801,0.4734612983377958,0.5908592666797332
10,0.02343857888138998,0.875,0.48135589281920543,0.6279928699889089,-1,-1,-1
11,0.02335637359261806,0.875,0.47967313160074765,0.631521067525,-1,-1,-1
12,0.023404468149979714,0.8751118067978533,0.4830730575426685,0.6271379742861847,-1,-1,-1
13,0.02336202268547017,0.8754472271914132,0.4832115067983854,0.6304703713051769,-1,-1,-1
14,0.02326320794166094,0.8751118067978533,0.4839049359360509,0.6280334662266442,0.872093023255814,0.4727023862530715,0.5836472919706439
15,0.023270135768730868,0.8754472271914132,0.4840454960572804,0.6344396995471314,-1,-1,-1
16,0.023265580436771266,0.8751118067978533,0.4847339285842304,0.6374912588045211,-1,-1,-1
17,0.02322571850356801,0.8754472271914132,0.48487658482554613,0.6332408666380797,-1,-1,-1
18,0.023192649064935438,0.8747763864042933,0.4845914808342542,0.6249432331160361,-1,-1,-1
19,0.02317324359668002,0.8753354203935599,0.49056190186082094,0.6303501091914405,0.872093023255814,0.4727023862530715,0.5928555354718816
20,0.02310188223561189,0.8755590339892666,0.493085545587522,0.6293491122654464,-1,-1,-1
21,0.02310693126558351,0.8756708407871199,0.48662811884785995,0.6374170773784645,-1,-1,-1
22,0.023084597894505385,0.8747763864042933,0.496660374385377,0.6247814701130272,-1,-1,-1
23,0.023029287107878618,0.8748881932021467,0.5067016675910772,0.6278247178844182,-1,-1,-1
24,0.023032957011557224,0.8682915921288015,0.5141694610137855,0.6292638488580584,0.8613595706618963,0.49003554948676903,0.5585632672023927
25,0.023047297948901417,0.8748881932021467,0.5059489245938396,0.6441757855541624,-1,-1,-1
26,0.022965555220895675,0.8757826475849732,0.5041793890720598,0.6468705163208183,-1,-1,-1
27,0.022892473030198958,0.8707513416815742,0.515033347817701,0.6360617397534644,-1,-1,-1
28,0.022974995643813462,0.8763416815742398,0.5090650658281322,0.6505613249707346,-1,-1,-1
29,0.022817158966603454,0.8771243291592129,0.5049407681478083,0.6494834892047933,0.8707513416815742,0.4722482884110133,0.5808252938144705
30,0.022914001893931883,0.8757826475849732,0.5087311743963139,0.6526077032887703,-1,-1,-1
31,0.02281833431401918,0.8760062611806798,0.5177148419598808,0.6498237512642506,-1,-1,-1
32,0.022814741480199217,0.876788908765653,0.5175017030869785,0.6584029010365497,-1,-1,-1
33,0.022758276042676728,0.8777951699463328,0.5210803356330229,0.6636936424708567,-1,-1,-1
34,0.022751559261799073,0.8714221824686941,0.5303433038122118,0.6437939660647115,0.8631484794275492,0.5022001047668937,0.5404952198436377
35,0.02275459701486918,0.8760062611806798,0.5317205637446696,0.6551886175838928,-1,-1,-1
36,0.022817671772555743,0.8773479427549195,0.5222169874143044,0.6722945604207715,-1,-1,-1
37,0.02258049514459543,0.8784660107334525,0.5229877198676531,0.6805376886876944,-1,-1,-1
38,0.022660405045185298,0.8736583184257602,0.5333082256946451,0.6644105788141466,-1,-1,-1
39,0.022620482383585785,0.8751118067978533,0.5303820934213805,0.6660318839911055,0.8613595706618963,0.4752651835163804,0.5525182023418047
40,0.022635376421994594,0.8781305903398927,0.5326265317342566,0.6858442049831825,-1,-1,-1
41,0.022532774452020104,0.8781305903398927,0.5241935562590108,0.6803571541652871,-1,-1,-1
42,0.02253652339066464,0.879025044722719,0.5414606872540259,0.6785429320480043,-1,-1,-1
43,0.022550096930702732,0.8799194991055456,0.5283351759602299,0.693514858449174,-1,-1,-1
44,0.022405522652236956,0.8786896243291592,0.5398546699352109,0.6918545401746701,0.8658318425760286,0.47379816064687996,0.5457327032383109
45,0.022426352497983276,0.879695885509839,0.54466559472873,0.6968382654935146,-1,-1,-1
46,0.022520283112562326,0.8773479427549195,0.5420874126038943,0.695110720301647,-1,-1,-1
47,0.022243103699688675,0.8793604651162791,0.5470109553438134,0.707447736019063,-1,-1,-1
48,0.022210174679176378,0.8739937388193202,0.5560571891016994,0.6823491968503652,-1,-1,-1
49,0.022027162014055256,0.8736583184257602,0.5557638023839183,0.6896845072996333,0.855098389982111,0.48432321621775526,0.5348602974803458
50,0.02209270339832376,0.8742173524150268,0.5716447195249931,0.7016559872552691,-1,-1,-1
51,0.022040619674823472,0.8819320214669052,0.5511732580757187,0.7120502072556673,-1,-1,-1
52,0.021885295516822972,0.8785778175313059,0.5736285964117529,0.7117044042055441,-1,-1,-1
53,0.021915624991945642,0.8771243291592129,0.5665087180450622,0.7081178001045778,-1,-1,-1
54,0.02179672476862206,0.8786896243291592,0.5759912652166282,0.7127175008458492,0.8586762075134168,0.48876341082938035,0.5357132486915366
55,0.021863096906788552,0.8805903398926654,0.5692227766172762,0.7206422483123726,-1,-1,-1
56,0.021724805997248093,0.8809257602862254,0.5821508063175709,0.7238931136115679,-1,-1,-1
57,0.021806413075371858,0.882938282647585,0.5785600632945146,0.7228442832355404,-1,-1,-1
58,0.021748929611059016,0.8804785330948122,0.5743589955905537,0.7226191946249225,-1,-1,-1
59,0.0215247282166907,0.8804785330948122,0.5777779868028904,0.7207946820964033,0.8604651162790697,0.4952347600593882,0.5285593472564007
60,0.021414716846321263,0.8794722719141324,0.5639928456282216,0.7188736545570013,-1,-1,-1
61,0.021586124423711373,0.8845035778175313,0.5853298682758422,0.7278085585463335,-1,-1,-1
62,0.02131327765798846,0.8803667262969589,0.5854093020031884,0.7346660433617574,-1,-1,-1
63,0.021455058329013944,0.8837209302325582,0.5793623000494902,0.7329516156171805,-1,-1,-1
64,0.021329672833861307,0.8813729874776386,0.596529765780151,0.7357765596644829,0.8555456171735242,0.4954306174133264,0.5278098390644396
65,0.02127721929991008,0.8819320214669052,0.5929611650485437,0.7503471600274291,-1,-1,-1
66,0.0211811011435534,0.8818202146690519,0.6090122561472533,0.7523627236524763,-1,-1,-1
67,0.021047202491639633,0.8805903398926654,0.6002436656718156,0.7417258308772045,-1,-1,-1
68,0.021142529152093824,0.8805903398926654,0.5925655976676385,0.7349057760191352,-1,-1,-1
69,0.021066762976371726,0.8810375670840788,0.5992267216325904,0.7427995391705069,0.8577817531305904,0.4938727862877968,0.5236648591360149
70,0.020869896111989892,0.884391771019678,0.5935042227123641,0.7562649945992304,-1,-1,-1
71,0.02077080673006678,0.8813729874776386,0.6065598510682908,0.7445318337829452,-1,-1,-1
72,0.020592942908039726,0.8840563506261181,0.6061596179731377,0.7613317782373408,-1,-1,-1
73,0.020675018500146823,0.8879695885509838,0.6240045982605485,0.7712694884557417,-1,-1,-1
74,0.02049688594032592,0.8827146690518783,0.6231148877327164,0.756163956330661,0.8448121645796064,0.4875241660045165,0.5193002896404539
75,0.02082838299051127,0.8883050089445438,0.6136769187565706,0.7643330727936907,-1,-1,-1
76,0.020614906639437155,0.8872987477638641,0.6198396871668266,0.7811196170971904,-1,-1,-1
77,0.020426177757513944,0.8862924865831843,0.6200475965568374,0.7575589290011381,-1,-1,-1
78,0.020445310610658046,0.8849508050089445,0.6170011579384327,0.7613102927633305,-1,-1,-1
79,0.02023808801195156,0.8864042933810375,0.6356229120834351,0.784729798678847,0.8519677996422181,0.49098181783168854,0.5112716595163949
80,0.02017049809204738,0.8875223613595706,0.6127368621303797,0.774405349928261,-1,-1,-1
81,0.0199998901275608,0.8819320214669052,0.6379915011675661,0.7694621077657097,-1,-1,-1
82,0.020041149944293585,0.8848389982110912,0.6550356455776896,0.7855189375229555,-1,-1,-1
83,0.02002868621255236,0.8871869409660107,0.6450872793868119,0.7872543418750532,-1,-1,-1
84,0.019805664464011656,0.8883050089445438,0.63452705008486,0.7908053253217393,0.8568872987477638,0.4822920615993725,0.52984421844262
85,0.019627665843038232,0.8887522361359571,0.6282668225900229,0.7886160686015354,-1,-1,-1
86,0.019618289830073153,0.8862924865831843,0.6397595478958659,0.7845761775396736,-1,-1,-1
87,0.019583029013996767,0.8912119856887298,0.6295202774202829,0.7953884030910133,-1,-1,-1
88,0.019806143522849023,0.8887522361359571,0.6559958379086689,0.7979264595195575,-1,-1,-1
89,0.019662106420914767,0.8886404293381037,0.6406559421217288,0.801162341527667,0.8546511627906976,0.48133128064138775,0.5257573117881487
90,0.019518851185524055,0.8864042933810375,0.6551928044756502,0.7831661084966681,-1,-1,-1
91,0.01926253452124024,0.8903175313059034,0.6679933591588267,0.8077531803024793,-1,-1,-1
92,0.019333229766332265,0.8907647584973166,0.6460249175175716,0.8128203597256373,-1,-1,-1
93,0.01952221062307601,0.8887522361359571,0.6587108804525875,0.8006440327375298,-1,-1,-1
94,0.019404204888227652,0.8881932021466905,0.6687006903353057,0.7987669938791278,0.8430232558139534,0.5081467294949898,0.5192875861117765
95,0.019237687555100094,0.8960196779964222,0.6815441131879219,0.8168624558756213,-1,-1,-1
96,0.01880215522491628,0.8991502683363148,0.689736248305517,0.8271387884725683,-1,-1,-1
97,0.018671678774865186,0.8922182468694098,0.673927384950888,0.8120284503861956,-1,-1,-1
98,0.018762661655615076,0.8931127012522362,0.7041488058363741,0.8184521547894966,-1,-1,-1
99,0.019038661113608635,0.8915474060822898,0.6670984774066797,0.8091955906379421,0.8448121645796064,0.4849824265616132,0.5241584819646188
0,0.023904801284717746,0.873546511627907,0.4662529092319628,0.5913552567118463,-1,-1,-1
1,0.023748802744212004,0.873546511627907,0.4662529092319628,0.5982619481937594,-1,-1,-1
2,0.02362727640323301,0.8737701252236136,0.4680737896737757,0.6087817205516707,-1,-1,-1
3,0.023603362377819626,0.8737701252236136,0.4689477142761727,0.6035410727524225,-1,-1,-1
4,0.023597696162127157,0.8739937388193202,0.46988846234654275,0.611907108502085,0.8734347048300537,0.4662210551444259,0.5753357614180594
5,0.023563120887349884,0.8738819320214668,0.4698535049840591,0.616756821108984,-1,-1,-1
6,0.02350662196261645,0.8742173524150268,0.475137494728293,0.6160068072177421,-1,-1,-1
7,0.023511875452463762,0.8744409660107335,0.47435942455872776,0.6213066413263256,-1,-1,-1
8,0.023443805990150876,0.8747763864042933,0.48126656695166425,0.6194420462483858,-1,-1,-1
9,0.023473430336627955,0.8741055456171736,0.48183036376729477,0.6160761785516283,0.8734347048300537,0.47315741052955845,0.5662973879091513
10,0.023394085011196743,0.8744409660107335,0.4777697690196869,0.6262113530657999,-1,-1,-1
11,0.023415875611976722,0.8747763864042933,0.48126656695166425,0.6276176220389446,-1,-1,-1
12,0.023414844332166243,0.8747763864042933,0.48126656695166425,0.6204239957820418,-1,-1,-1
13,0.023341488520479854,0.8742173524150268,0.4859929503080032,0.6188189490797434,-1,-1,-1
14,0.02327597594598378,0.8746645796064401,0.4837178303430471,0.627123648348221,0.872093023255814,0.4727023862530714,0.573122079106349
15,0.023369579214422776,0.8748881932021467,0.4862855736451994,0.6300750421292224,-1,-1,-1
16,0.02325855549308263,0.875,0.4855118531899073,0.6388396518396473,-1,-1,-1
17,0.023244956218385952,0.8746645796064401,0.4878205309291303,0.6299307542814164,-1,-1,-1
18,0.023212036025445502,0.8742173524150268,0.4916398706515998,0.6242600721122371,-1,-1,-1
19,0.02326088063318902,0.8748881932021467,0.49035285311090493,0.6362349449776683,0.8725402504472272,0.47285395574607053,0.5684251283248205
20,0.023192865239233047,0.8738819320214668,0.49775661883070177,0.6260004664741243,-1,-1,-1
21,0.023103486799030216,0.8745527728085868,0.498883029721956,0.630777073238135,-1,-1,-1
22,0.023220007071248213,0.8752236135957068,0.49688985665033564,0.6315118095925504,-1,-1,-1
23,0.023084919336576793,0.8754472271914132,0.49779148773160753,0.6328261304273874,-1,-1,-1
24,0.023146401516833278,0.8718694096601073,0.508614683823356,0.6196765281469379,0.8671735241502684,0.48374608490423027,0.5609436601115616
25,0.023128452416749302,0.8742173524150268,0.5055627142985396,0.6263854604021524,-1,-1,-1
26,0.023083397973668703,0.8758944543828264,0.4995947498941511,0.642075773640319,-1,-1,-1
27,0.02303522610070587,0.8758944543828264,0.5027037164379708,0.6469021172742204,-1,-1,-1
28,0.022972125576705752,0.8751118067978533,0.5083322625234435,0.648844288289157,-1,-1,-1
29,0.022923841780094906,0.8679561717352415,0.522004610771303,0.6229512964574334,0.860912343470483,0.48694975339656116,0.5578533704602324
30,0.022918412408563234,0.8733228980322003,0.511667277952875,0.6471198504657328,-1,-1,-1
31,0.022743682294154344,0.8650491949910555,0.5245439460920597,0.6304857815359763,-1,-1,-1
32,0.02272425255153415,0.871757602862254,0.5184629896008841,0.6405084681123291,-1,-1,-1
33,0.022777609555433922,0.8753354203935599,0.5179947930700901,0.66299089130621,-1,-1,-1
34,0.022720468604573996,0.8713103756708408,0.5215962505240253,0.6503805860757361,0.8649373881932021,0.4858188862221465,0.5365090220897812
35,0.022650823012920686,0.8648255813953488,0.5384790113571687,0.64344333952017,-1,-1,-1
36,0.022672699514046737,0.8757826475849732,0.5204378651419956,0.6639698419159706,-1,-1,-1
37,0.02247830431771753,0.8529740608228981,0.5499631421873586,0.6374726517944939,-1,-1,-1
38,0.022517743003962826,0.8600178890876565,0.538874906110401,0.6479255990746566,-1,-1,-1
39,0.022409150929211877,0.8701923076923077,0.5326726203294474,0.6530366141447583,0.8604651162790697,0.4809100325011607,0.535940900924373
40,0.02238659325517274,0.8741055456171736,0.5323196720321801,0.6592824672837206,-1,-1,-1
41,0.02230291707317923,0.8528622540250448,0.5558466355779921,0.6455050148231716,-1,-1,-1
42,0.022306236159389637,0.8711985688729875,0.5440805403338855,0.6711514724772911,-1,-1,-1
43,0.022266790380764734,0.8704159212880143,0.5518033521910564,0.6715461987621122,-1,-1,-1
44,0.022236196683263255,0.856216457960644,0.5566479920466346,0.651906529087355,0.8398926654740608,0.4900674739073712,0.530503945185354
45,0.022053274873740744,0.8706395348837209,0.5577614615493329,0.6835718835833586,-1,-1,-1
46,0.022038310116043645,0.8736583184257602,0.5521867732858252,0.6887819197254841,-1,-1,-1
47,0.02191978516323702,0.8746645796064401,0.5554548781928798,0.6926420440303139,-1,-1,-1
48,0.022020478361354533,0.8730992844364938,0.5546865400661436,0.6857540816768806,-1,-1,-1
49,0.021857371043967008,0.870304114490161,0.573284057394492,0.7052383731437651,0.8461538461538461,0.48816472761439345,0.5347811376535871
50,0.02172754870224511,0.8677325581395349,0.5838833017984127,0.6926594151555202,-1,-1,-1
51,0.021826876512327113,0.8689624329159211,0.5786721201831558,0.7005607308683084,-1,-1,-1
52,0.021583500818877558,0.8737701252236136,0.5813440828049955,0.7096277226409586,-1,-1,-1
53,0.021611813750711133,0.872428443649374,0.5861075505096747,0.7156502974083752,-1,-1,-1
54,0.021587534204511927,0.8552101967799642,0.5811024491181906,0.6905203336659309,0.8273703041144902,0.5013403958327556,0.5103356438133595
55,0.02150230835631743,0.8761180679785331,0.5919116581232623,0.7156836816555148,-1,-1,-1
56,0.021299831487141777,0.8738819320214668,0.5890867709722379,0.7251972867547264,-1,-1,-1
57,0.021297805005857765,0.8744409660107335,0.5960462685149931,0.7266897323522665,-1,-1,-1
58,0.021251311359097365,0.878242397137746,0.5976725353094436,0.747328326601598,-1,-1,-1
59,0.021194688741730822,0.875,0.6042153940124915,0.7398268296859063,0.8407871198568873,0.48807943612697435,0.5273032880464774
60,0.021031562542152958,0.8739937388193202,0.6063237450619541,0.7397252057742751,-1,-1,-1
61,0.021196011782079027,0.8769007155635062,0.6020575255114566,0.7423852512696483,-1,-1,-1
62,0.02125589331621987,0.8812611806797853,0.606919813119756,0.7521683068517037,-1,-1,-1
63,0.02114586882028322,0.8857334525939177,0.6140712818849978,0.7738483764448447,-1,-1,-1
64,0.020833540267156093,0.8780187835420393,0.6130937991109159,0.7481426758979202,0.8412343470483006,0.47570916118617684,0.5148371898628368
65,0.020787090452951053,0.8865161001788909,0.597490366963223,0.7911589573386668,-1,-1,-1
66,0.020792077567881515,0.8874105545617174,0.6033270536161591,0.7883292746010497,-1,-1,-1
67,0.020782135771037696,0.8860688729874776,0.6134889651257643,0.788625206147726,-1,-1,-1
68,0.020647117712290053,0.8852862254025045,0.6080853988348834,0.7832420811717032,-1,-1,-1
69,0.02067862441829924,0.8817084078711985,0.6228031083464782,0.7775432204345996,0.8461538461538461,0.5029608434591336,0.5090908432980701
70,0.020467505091801286,0.8837209302325582,0.6174270859398894,0.7746425820259439,-1,-1,-1
71,0.020550126290658558,0.8823792486583184,0.625826145397136,0.78467081378233,-1,-1,-1
72,0.020327939586097472,0.8864042933810375,0.6253355531751902,0.7950261545772124,-1,-1,-1
73,0.02053661318579172,0.8848389982110912,0.6134977407269111,0.7962141245241472,-1,-1,-1
74,0.020145940728492247,0.8821556350626119,0.6286111716502313,0.7931771765369173,0.8416815742397139,0.5027927486526212,0.5135055427999689
75,0.020204048424672622,0.8904293381037567,0.6526620660970482,0.8004196909116649,-1,-1,-1
76,0.02031814515439057,0.8906529516994633,0.6471501118424206,0.8098720726966313,-1,-1,-1
77,0.019893930357346087,0.886963327370304,0.6464366950124393,0.8027975546435054,-1,-1,-1
78,0.019924190685516208,0.8915474060822898,0.6382854531688297,0.8166190290435028,-1,-1,-1
79,0.020285091252101182,0.8915474060822898,0.6350943498441985,0.8190105859750175,0.8546511627906976,0.4813312806413877,0.4924307805876254
80,0.020140333044924148,0.8911001788908764,0.6376979975991419,0.8108379525248846,-1,-1,-1
81,0.01985217567053432,0.8902057245080501,0.631045422161283,0.811534834538052,-1,-1,-1
82,0.019824091662871045,0.8927772808586762,0.638090715716418,0.8270804638441248,-1,-1,-1
83,0.019547652377795315,0.886963327370304,0.6543902442660054,0.8009850163577152,-1,-1,-1
84,0.019786137677662487,0.8927772808586762,0.6465726871716658,0.824484810337302,0.8519677996422181,0.4987589455812029,0.5142853524250993
85,0.019451897884993973,0.8944543828264758,0.6548586034519633,0.8323786004486164,-1,-1,-1
86,0.019293452480604642,0.891994633273703,0.6619789194566625,0.8289549610292668,-1,-1,-1
87,0.019390281632189407,0.894901610017889,0.6537878688049337,0.8274526133245244,-1,-1,-1
88,0.01945919721563928,0.8946779964221824,0.6438295335889512,0.8350404000315509,-1,-1,-1
89,0.019097192360801298,0.8954606440071556,0.6604232284084055,0.8385529886653126,0.8537567084078713,0.5048162392901914,0.5086222338017619
90,0.01901036410839072,0.8926654740608229,0.6629103380695737,0.817948910332515,-1,-1,-1
91,0.019079302243092004,0.8833855098389982,0.672847554706444,0.80889329183728,-1,-1,-1
92,0.019108813459700065,0.8879695885509838,0.6750294152458001,0.8167672777341897,-1,-1,-1
93,0.01893948812549184,0.8947898032200358,0.6682348076365521,0.8463138076227665,-1,-1,-1
94,0.01885627280364283,0.8989266547406082,0.6904471809912702,0.8492477736950919,0.8434704830053668,0.5061189252501591,0.5109960394355698
95,0.019196632271965764,0.8955724508050089,0.6754230261435014,0.8408567280518097,-1,-1,-1
96,0.019159563560511964,0.8962432915921289,0.6752758149645786,0.8463916098936423,-1,-1,-1
97,0.018511861362386237,0.892330053667263,0.6748055220754914,0.8332362926827501,-1,-1,-1
98,0.018865818062410666,0.8976967799642218,0.6882564189005802,0.8476249031998291,-1,-1,-1
99,0.018423661164779462,0.8918828264758497,0.6929715737231729,0.8340288007597575,0.8331842576028623,0.5088773041213468,0.4939397393517991
0,0.02381462177131758,0.873546511627907,0.4662529092319628,0.6002760367987201,-1,-1,-1
1,0.02370742921782441,0.8737701252236136,0.4680737896737757,0.6124426144595888,-1,-1,-1
2,0.023598021166215857,0.8736583184257602,0.4680403784697287,0.617950562569831,-1,-1,-1
3,0.023540875591231053,0.8737701252236136,0.4680737896737757,0.6219501651275398,-1,-1,-1
4,0.023524954047867086,0.8741055456171736,0.4716604674343572,0.6237396173576809,0.8734347048300537,0.4662210551444259,0.5500064230259147
5,0.02347879146670586,0.8739937388193202,0.4707577546795274,0.6231121632618695,-1,-1,-1
6,0.02349834749391819,0.8739937388193202,0.4707577546795274,0.6230228179631693,-1,-1,-1
7,0.02344409109481439,0.8739937388193202,0.4707577546795274,0.6245991768463157,-1,-1,-1
8,0.023450752353705532,0.8743291592128801,0.47259890354903866,0.627584916793442,-1,-1,-1
9,0.02344703427907446,0.8742173524150268,0.4725616473060308,0.6281801748949782,0.8734347048300537,0.4662210551444259,0.5437227134480069
10,0.023404824309224307,0.8746645796064401,0.4786998317640865,0.6263934952548537,-1,-1,-1
11,0.023423533044482227,0.8746645796064401,0.48038416300626235,0.6259180809422009,-1,-1,-1
12,0.023435863672900605,0.8748881932021467,0.47708572857177567,0.6302252712413495,-1,-1,-1
13,0.023360378756179526,0.875,0.47882732353427426,0.6291433953001544,-1,-1,-1
14,0.02337406348597012,0.875,0.47967313160074765,0.635061799899802,0.8725402504472272,0.4659660855027466,0.5485644084754993
15,0.023327741870233433,0.8753354203935599,0.48149001999728486,0.6361137431855113,-1,-1,-1
16,0.023282739410446774,0.8754472271914132,0.4848765848255462,0.6283538295635728,-1,-1,-1
17,0.023234571290264083,0.8756708407871199,0.48745196985438416,0.6278137969284908,-1,-1,-1
18,0.023311445801077354,0.8751118067978533,0.4830730575426685,0.6276212433810071,-1,-1,-1
19,0.023267869309443908,0.8758944543828264,0.49163498721898147,0.6334857805174738,0.8716457960644006,0.4657108721624851,0.5457455142853525
20,0.02323846294076477,0.8758944543828264,0.48506712077756536,0.6440524605717896,-1,-1,-1
21,0.023183030757739847,0.8756708407871199,0.48497180575915244,0.6409919172776832,-1,-1,-1
22,0.02315616547771478,0.875,0.4936117260726614,0.6307071926530212,-1,-1,-1
23,0.023271085133806057,0.8756708407871199,0.48497180575915244,0.6505425845495668,-1,-1,-1
24,0.02309658743644363,0.8760062611806798,0.4924971005925909,0.6446745958214466,0.8707513416815742,0.46887531633448976,0.5318482573697437
25,0.023135401574271682,0.8766771019677997,0.4960446437242023,0.6423161968031923,-1,-1,-1
26,0.023054342046346724,0.8760062611806798,0.4980827612973677,0.6455510171840603,-1,-1,-1
27,0.02305632290948509,0.8766771019677997,0.49764003304855053,0.6535738176063539,-1,-1,-1
28,0.023003454355119805,0.8766771019677997,0.49443825980773115,0.6609887983968319,-1,-1,-1
29,0.022963364962621698,0.8774597495527728,0.5082123608738954,0.6548080728315262,0.8698568872987478,0.4685960274311587,0.5298435495631438
30,0.023053431530251484,0.8762298747763864,0.5028899487802838,0.6512479540831934,-1,-1,-1
31,0.02298158028267977,0.8774597495527728,0.5149931879731509,0.6482491433545601,-1,-1,-1
32,0.022910784969975995,0.8776833631484794,0.5113886225631191,0.6624643255369234,-1,-1,-1
33,0.02291079680477011,0.8771243291592129,0.5057129022659868,0.6624794899068104,-1,-1,-1
34,0.022812191699339953,0.8773479427549195,0.5134336075175339,0.6641135073456095,0.868515205724508,0.4714933931046459,0.5320056667372295
35,0.02282302444450864,0.8780187835420393,0.5153511476402042,0.6690547720065279,-1,-1,-1
36,0.022761689480694014,0.8794722719141324,0.5185346756152125,0.6777203606449294,-1,-1,-1
37,0.022702295160710758,0.8788014311270125,0.521766718860491,0.6715080615035155,-1,-1,-1
38,0.022773223926608112,0.8771243291592129,0.5345947130158336,0.6681635823583152,-1,-1,-1
39,0.022683187430367967,0.8781305903398927,0.5380703781024844,0.6682187512412998,0.8640429338103757,0.4762820512820513,0.5082802755206721
40,0.02255805284334663,0.8788014311270125,0.5166025380608411,0.6927268626514358,-1,-1,-1
41,0.02255823740765639,0.8785778175313059,0.5223406389783899,0.6763003418886407,-1,-1,-1
42,0.022534671972617375,0.8794722719141324,0.5377719277151639,0.6933659163585414,-1,-1,-1
43,0.02245464551217574,0.8801431127012522,0.538301282051282,0.6853535838781473,-1,-1,-1
44,0.022341098805492968,0.8802549194991055,0.5471102286688105,0.6940381845623773,0.8622540250447227,0.4725171030903515,0.5171223396459919
45,0.02231075784669646,0.8812611806797853,0.5479632923575493,0.6937277110639808,-1,-1,-1
46,0.022349038365012126,0.8807021466905188,0.5345839335799328,0.7044461479841064,-1,-1,-1
47,0.022355940369122758,0.8802549194991055,0.5307200727017087,0.7009056071162993,-1,-1,-1
48,0.02220821168360322,0.8813729874776386,0.542699895770521,0.7141954798182041,-1,-1,-1
49,0.022085910936241075,0.8823792486583184,0.5448903500243684,0.7089457786637995,0.8653846153846154,0.4639175257731959,0.5000913698052647
50,0.02212226969458176,0.8817084078711985,0.5476812740015315,0.7147262893477204,-1,-1,-1
51,0.02219319320991902,0.8820438282647585,0.5439322929945695,0.71653067961387,-1,-1,-1
52,0.022064287913546685,0.881484794275492,0.5427917105438038,0.7253024188414806,-1,-1,-1
53,0.022058531058842253,0.8812611806797853,0.5582744026572377,0.717650862564071,-1,-1,-1
54,0.022014499500340554,0.8820438282647585,0.5466308926772148,0.7301973982241617,0.8644901610017889,0.4636603502038858,0.518320098281343
55,0.0218948275458954,0.882938282647585,0.571513267901533,0.7269560707442752,-1,-1,-1
56,0.02171864873464744,0.882938282647585,0.5623331735379388,0.7294271274507574,-1,-1,-1
57,0.021612560336956212,0.8827146690518783,0.5583347310545151,0.7335471962155165,-1,-1,-1
58,0.021608660384939322,0.8836091234347049,0.5769190869177414,0.7361166515758553,-1,-1,-1
59,0.02161326167575202,0.884727191413238,0.5804024190079498,0.7430007096698773,0.8577817531305904,0.46483020231213873,0.4867785177827353
60,0.021532381700238544,0.8822674418604651,0.5660275263316673,0.7488401803292547,-1,-1,-1
61,0.021568625998784903,0.8838327370304114,0.5662979231499052,0.7451062371619179,-1,-1,-1
62,0.02150639462616288,0.8852862254025045,0.580984547575069,0.7588713544260666,-1,-1,-1
63,0.021351532186323206,0.8846153846153846,0.5820226892715296,0.7580188678711477,-1,-1,-1
64,0.02121589213529725,0.8841681574239714,0.5827022816578016,0.7582235868646227,0.8582289803220036,0.47108594931674386,0.49183732917917355
65,0.021296637122351043,0.8861806797853311,0.5921853598670627,0.7737041451805087,-1,-1,-1
66,0.02128172545378931,0.8858452593917711,0.5895871230702818,0.7635897367997273,-1,-1,-1
67,0.021202299048730933,0.8856216457960644,0.5893440999479056,0.7691884447954127,-1,-1,-1
68,0.021251348558686715,0.8880813953488372,0.6056905468418822,0.7819221585733632,-1,-1,-1
69,0.021115820023959272,0.8860688729874776,0.6064559128428018,0.7781108658029087,0.8586762075134168,0.4915607442203187,0.5076180705953873
70,0.02099274656875309,0.8870751341681574,0.6002789459524518,0.7798511469978565,-1,-1,-1
71,0.02083229184215672,0.8886404293381037,0.5966032931341506,0.7952007711647923,-1,-1,-1
72,0.020905936980280152,0.8889758497316637,0.599199083392831,0.7996523624786864,-1,-1,-1
73,0.02069458711187627,0.8886404293381037,0.5954878136275585,0.7956226575150825,-1,-1,-1
74,0.02079255492942931,0.8886404293381037,0.5982639377442014,0.7950517303055292,0.8604651162790697,0.47793758886477583,0.5291994376686044
75,0.02062032100859503,0.8875223613595706,0.5897235733447341,0.8060139288132422,-1,-1,-1
76,0.020789842212935894,0.8907647584973166,0.6094070876107502,0.8108048511950939,-1,-1,-1
77,0.020472941124205325,0.8925536672629696,0.6239526737398802,0.8201316176772644,-1,-1,-1
78,0.020355628667172703,0.8943425760286225,0.6355097276194116,0.8163915634951971,-1,-1,-1
79,0.02042299110445732,0.8913237924865832,0.6253392541924095,0.8088173568209053,0.8559928443649374,0.4761713520749665,0.4901456308044704
80,0.020365144427672482,0.891994633273703,0.6266817654830272,0.8090113249551322,-1,-1,-1
81,0.020299021279179427,0.8942307692307693,0.628593602399188,0.8262622668718609,-1,-1,-1
82,0.020225716804775654,0.8921064400715564,0.6465344923692091,0.8133885090063342,-1,-1,-1
83,0.0200711040481032,0.8932245080500895,0.6568872428834548,0.8174111976196918,-1,-1,-1
84,0.01997481879639924,0.8912119856887298,0.6351161318614896,0.8219200514049505,0.8519677996422181,0.4883298731879173,0.49628640543948876
85,0.019815251945096445,0.8946779964221824,0.6547482297403618,0.8255001441180974,-1,-1,-1
86,0.01998942707413691,0.8933363148479427,0.6446952822283181,0.8245760794739728,-1,-1,-1
87,0.020234253267925866,0.8947898032200358,0.6471164235166103,0.8232040435000135,-1,-1,-1
88,0.019778165460209326,0.896690518783542,0.6728935814557622,0.8403445344838336,-1,-1,-1
89,0.019487740342007127,0.8964669051878354,0.6520856017529002,0.8361646004081026,0.8488372093023255,0.46778100775193804,0.49648361947461456
90,0.019743855582793412,0.8924418604651163,0.6533382498080577,0.8294025362748136,-1,-1,-1
91,0.01927497953906229,0.8961314847942756,0.6638207671163728,0.8359768564555459,-1,-1,-1
92,0.019488360443317428,0.8962432915921289,0.6607084576307437,0.8473602623119123,-1,-1,-1
93,0.019255192836243426,0.8990384615384617,0.6651494302683002,0.8482512256262461,-1,-1,-1
94,0.019304347561492397,0.8980322003577818,0.6677722829137243,0.8549978990557691,0.8519677996422181,0.4883298731879173,0.5030477710290774
95,0.019673904506089784,0.9002683363148479,0.6706567406887814,0.8609600426775162,-1,-1,-1
96,0.018981342900324487,0.899932915921288,0.6895090939126696,0.8557068333479884,-1,-1,-1
97,0.01901792554428038,0.8968023255813954,0.6837633459369914,0.8423957984284055,-1,-1,-1
98,0.019078507529628298,0.8976967799642218,0.6720405793558638,0.8506781472263405,-1,-1,-1
99,0.01868917093877156,0.898479427549195,0.68481913047258,0.8489744755363067,0.8470483005366727,0.4911405140817516,0.4803229244127455
0,0.023942436064112005,0.873546511627907,0.4662529092319628,0.6028614486975221,-1,-1,-1
1,0.023755115853399306,0.873546511627907,0.4662529092319628,0.5978926844703158,-1,-1,-1
2,0.023639197244720404,0.8737701252236136,0.4680737896737757,0.6078231399910122,-1,-1,-1
3,0.02362436570030552,0.8739937388193202,0.46988846234654275,0.6090283678962142,-1,-1,-1
4,0.023581228029875882,0.8741055456171736,0.4707934810390519,0.6126858667959486,0.8734347048300537,0.4662210551444259,0.5776851414603609
5,0.023545631125889227,0.8743291592128801,0.47259890354903866,0.6138535798607209,-1,-1,-1
6,0.023514799165584428,0.8744409660107335,0.47349931548859786,0.6151513217389278,-1,-1,-1
7,0.023554815096890617,0.8744409660107335,0.47349931548859786,0.6114739054578491,-1,-1,-1
8,0.02350722671834642,0.8746645796064401,0.4752955609352928,0.6171788206262138,-1,-1,-1
9,0.02348071139735671,0.8746645796064401,0.4752955609352928,0.6192681086624426,0.8729874776386404,0.4660936007640879,0.5781320393197744
10,0.02346870579968385,0.8745527728085868,0.475256029983792,0.6225037777953564,-1,-1,-1
11,0.023418287025208123,0.8747763864042933,0.47619140247936464,0.6225752993010923,-1,-1,-1
12,0.02342488071989528,0.8746645796064401,0.4752955609352928,0.6221949452175821,-1,-1,-1
13,0.023469647363474684,0.8747763864042933,0.47619140247936464,0.6245266368381248,-1,-1,-1
14,0.02343214149811773,0.8747763864042933,0.47619140247936464,0.6258242089659223,0.8734347048300537,0.4697136919202712,0.5743777354400857
15,0.02339946719849472,0.8746645796064401,0.4752955609352928,0.6270090668220223,-1,-1,-1
16,0.02338573052872752,0.8746645796064401,0.4752955609352928,0.6280364528818697,-1,-1,-1
17,0.02335865929562845,0.8751118067978533,0.47886985032133617,0.6296071534180434,-1,-1,-1
18,0.023289089069463486,0.875,0.47797854319593447,0.6315225604517987,-1,-1,-1
19,0.0233483456644981,0.8753354203935599,0.48064795788464354,0.6328520456565228,0.8725402504472272,0.4659660855027466,0.5761472338469944
20,0.023297630661968573,0.875,0.47882732353427426,0.6374584493435922,-1,-1,-1
21,0.02328539610222275,0.875,0.47797854319593447,0.6398422543397542,-1,-1,-1
22,0.02325289998010254,0.8754472271914132,0.4823746019211687,0.6381950529525084,-1,-1,-1
23,0.023268062907082825,0.8754472271914132,0.4823746019211687,0.6434279488164039,-1,-1,-1
24,0.023201949790300058,0.8754472271914132,0.4823746019211687,0.6449261093443865,0.8729874776386404,0.4695739043565131,0.5804389007398241
25,0.023150236565746326,0.8756708407871199,0.4833039114329799,0.6462184192094995,-1,-1,-1
26,0.023190595182941722,0.8754472271914132,0.4823746019211687,0.6429051741395889,-1,-1,-1
27,0.02317848287136269,0.8757826475849732,0.4850194514718621,0.6446932683664568,-1,-1,-1
28,0.02317317086480198,0.8758944543828264,0.48589811546102446,0.647526629029606,-1,-1,-1
29,0.023145407091739567,0.8757826475849732,0.487501696201504,0.6501270355478858,0.8716457960644006,0.4691546852600781,0.587168603525608
30,0.023127773231018688,0.8753354203935599,0.49056190186082094,0.6478746739519016,-1,-1,-1
31,0.023138806276349934,0.876453488372093,0.4902694638187777,0.6532323929500166,-1,-1,-1
32,0.023104082606399633,0.8763416815742398,0.491034087323826,0.6531766016488649,-1,-1,-1
33,0.0230250713875274,0.8761180679785331,0.4876510376900405,0.655913940163886,-1,-1,-1
34,0.023028771298036165,0.8762298747763864,0.49260485367829404,0.6504315677819608,0.8716457960644006,0.4759005493908679,0.5802697309023537
35,0.023088055416235237,0.8762298747763864,0.4901656005260955,0.6589351013630618,-1,-1,-1
36,0.022960856937585074,0.8765652951699463,0.49598798478006806,0.6649898155412837,-1,-1,-1
37,0.022895894418195662,0.876453488372093,0.4998931030059435,0.653669443670194,-1,-1,-1
38,0.022888925038144818,0.8771243291592129,0.49946182803296196,0.657123524996257,-1,-1,-1
39,0.022904645698228334,0.876788908765653,0.5024230923864679,0.6560556251720844,0.870304114490161,0.47209712032251866,0.5852462190089
40,0.022974112936610454,0.876453488372093,0.49108671055224534,0.6598867221569438,-1,-1,-1
41,0.022822496926075443,0.8775715563506262,0.5028566372711024,0.6599199932371437,-1,-1,-1
42,0.022698228803924775,0.8770125223613596,0.5056485819856382,0.6626691011138682,-1,-1,-1
43,0.022710641945190794,0.8775715563506262,0.5036391272662917,0.6568537915960645,-1,-1,-1
44,0.022768837524734586,0.8772361359570662,0.5111141555639278,0.6632103785852842,0.8711985688729875,0.4757378298375358,0.5840973115565615
45,0.022668796804715247,0.8769007155635062,0.5001325640506701,0.6636056707048026,-1,-1,-1
46,0.022598480078523348,0.8769007155635062,0.4985509305407563,0.6615326221243857,-1,-1,-1
47,0.022629604309177515,0.8777951699463328,0.5029809322325808,0.6673136986430039,-1,-1,-1
48,0.02261619659204016,0.8774597495527728,0.5142497812231484,0.6703709035123963,-1,-1,-1
49,0.022571364464738102,0.8783542039355993,0.5095126917881408,0.6921486361742875,0.8707513416815742,0.47224828841101324,0.5760965733609071
50,0.02257174619411873,0.8785778175313059,0.5186818087667329,0.6756256971790764,-1,-1,-1
51,0.02247337239073033,0.8761180679785331,0.5345012788829029,0.6787089870280132,-1,-1,-1
52,0.02244786006666733,0.8792486583184258,0.5249796409729844,0.6727432786476732,-1,-1,-1
53,0.022341837859104433,0.8805903398926654,0.5351965711120354,0.6856816548356289,-1,-1,-1
54,0.02241596666186355,0.8799194991055456,0.5268997432040686,0.6925388923650001,0.8698568872987478,0.47194604837629794,0.5746961727812064
55,0.022361482023752974,0.8772361359570662,0.5413423304012532,0.6741622789015066,-1,-1,-1
56,0.022228020410368317,0.8804785330948122,0.5446508908851702,0.6892103131747932,-1,-1,-1
57,0.02221907977446287,0.8736583184257602,0.5509803179362454,0.6721788585371385,-1,-1,-1
58,0.022204882357842647,0.8791368515205723,0.5519645859553014,0.6827682285628149,-1,-1,-1
59,0.02198991000740614,0.880031305903399,0.5527444577809872,0.691414974905797,0.8671735241502684,0.4868195021756921,0.5834477717527984
60,0.02205594411004861,0.8794722719141324,0.5516194030739193,0.6932490149100838,-1,-1,-1
61,0.022101796888588047,0.8804785330948122,0.5486107147367465,0.7021481235280518,-1,-1,-1
62,0.021907147157134252,0.880813953488372,0.5402037390940517,0.7023590101197272,-1,-1,-1
63,0.021878416730800713,0.8823792486583184,0.5495844094570209,0.7180178629487253,-1,-1,-1
64,0.021908768994587078,0.8821556350626119,0.5500525027587814,0.7154561595237392,0.8676207513416816,0.4839377721222102,0.5710124317214251
65,0.02175525053027744,0.8830500894454383,0.5547736382354016,0.7219686339720588,-1,-1,-1
66,0.021732571516902402,0.881484794275492,0.564673649417703,0.7094087446131122,-1,-1,-1
67,0.02164601395947922,0.8818202146690519,0.5556077643208589,0.7219360418934956,-1,-1,-1
68,0.021564190169339848,0.8810375670840788,0.5593226052805255,0.7139866302314388,-1,-1,-1
69,0.02165494696237147,0.884391771019678,0.5662149495186012,0.7408124005616248,0.8667262969588551,0.48355474260203685,0.5700155057273488
70,0.021582443264191422,0.8823792486583184,0.5667444852416382,0.7355707342599216,-1,-1,-1
71,0.02159910614782201,0.881484794275492,0.5603568844948155,0.7281784434408045,-1,-1,-1
72,0.021549559907224663,0.8831618962432917,0.5758803671963171,0.7393653349068064,-1,-1,-1
73,0.02151202152179944,0.8805903398926654,0.5551458144216668,0.7213225073312373,-1,-1,-1
74,0.02128463229814241,0.8799194991055456,0.574950087082112,0.7398795654796925,0.8604651162790697,0.49243932250742095,0.5706107664388754
75,0.021517848802150654,0.8846153846153846,0.558147443497762,0.7403597328038025,-1,-1,-1
76,0.021363416243901007,0.8836091234347049,0.5739687792602635,0.7440589337207265,-1,-1,-1
77,0.02132325313405562,0.8833855098389982,0.5602261278590618,0.7573247018645272,-1,-1,-1
78,0.021176150944983596,0.8818202146690519,0.5756957122628898,0.7333002093701547,-1,-1,-1
79,0.02138677599118466,0.8821556350626119,0.5878335968022067,0.7411590874806471,0.8600178890876565,0.5031714289567968,0.5670247277451199
80,0.02112948518764554,0.8850626118067979,0.5801677533208294,0.7574968853629088,-1,-1,-1
81,0.020956164447520735,0.8856216457960644,0.5964862771247486,0.7553521455263468,-1,-1,-1
82,0.02100937061589911,0.8862924865831843,0.5832090779662965,0.7602631380309609,-1,-1,-1
83,0.020835404077291567,0.8855098389982111,0.6016700303523267,0.7677771398934623,-1,-1,-1
84,0.020887044532481108,0.8881932021466905,0.598850372624229,0.7818081428818617,0.8622540250447227,0.4933256427158866,0.5568962491337962
85,0.02071174524669504,0.8858452593917711,0.5929211311393833,0.766217812634704,-1,-1,-1
86,0.020733308554785276,0.8881932021466905,0.6125320579469051,0.7895844091265516,-1,-1,-1
87,0.020695680683255464,0.8885286225402504,0.6030270520147634,0.7775548200458939,-1,-1,-1
88,0.02050958268555991,0.8884168157423971,0.5985582458321821,0.7773183577259013,-1,-1,-1
89,0.020592029972421756,0.8891994633273703,0.6016462673483344,0.7812200142975112,0.8631484794275492,0.48797725061737635,0.5585698544777538
90,0.020383378421247992,0.8896466905187835,0.6153047368000639,0.7872426456483975,-1,-1,-1
91,0.02029050312384843,0.8889758497316637,0.6040849003147969,0.7961467336117013,-1,-1,-1
92,0.020107238644264197,0.8914355992844365,0.6195362259031916,0.8099185843087475,-1,-1,-1
93,0.020236686415210606,0.8911001788908764,0.6230988710777468,0.7888661951452968,-1,-1,-1
94,0.019882514418480993,0.8909883720930233,0.626365828403438,0.7980661580718074,0.8577817531305904,0.49658892995199866,0.5610196508406926
95,0.02029672035845813,0.8904293381037567,0.6142199612403101,0.8004848750687914,-1,-1,-1
96,0.020133058602166944,0.891994633273703,0.6271675657033846,0.8044401161862333,-1,-1,-1
97,0.02010142828724372,0.8932245080500895,0.6354404101291118,0.8259730121746125,-1,-1,-1
98,0.01981663676053752,0.8907647584973166,0.6109904010214883,0.8056047171601707,-1,-1,-1
99,0.01990404530646603,0.8931127012522362,0.6329364912418678,0.8195582573785127,0.8604651162790697,0.4867454562576514,0.5532613592570278
0,0.023958676617945776,0.873546511627907,0.4662529092319628,0.5931193595475496,-1,-1,-1
1,0.023812694783274198,0.873546511627907,0.4662529092319628,0.5958543215568421,-1,-1,-1
2,0.023658504853714825,0.873546511627907,0.4662529092319628,0.6022015156900868,-1,-1,-1
3,0.02361138707546647,0.873546511627907,0.4662529092319628,0.6070113935342974,-1,-1,-1
4,0.023592741725123312,0.873546511627907,0.4662529092319628,0.6115359775241405,0.8734347048300537,0.4662210551444259,0.595405455772491
5,0.023545956463188147,0.8738819320214668,0.4689818999237646,0.608650729819251,-1,-1,-1
6,0.02353607797295468,0.8738819320214668,0.4689818999237646,0.6138643873034391,-1,-1,-1
7,0.02350500031842555,0.8741055456171736,0.4716604674343572,0.613909257994933,-1,-1,-1
8,0.023455105462879582,0.8744409660107335,0.47349931548859786,0.6173469866982447,-1,-1,-1
9,0.023441054963228528,0.8744409660107335,0.47607058362655363,0.616427561898638,0.8738819320214668,0.4733092993962559,0.5970464936611066
10,0.023427175467897188,0.8743291592128801,0.4760303324262293,0.6237866948044944,-1,-1,-1
11,0.02339364063371246,0.8747763864042933,0.47789499316492595,0.6280486183278611,-1,-1,-1
12,0.023458727084813315,0.8747763864042933,0.4770446944359988,0.6287055524114007,-1,-1,-1
13,0.023413387282996412,0.8746645796064401,0.47700367252481457,0.6282013936961263,-1,-1,-1
14,0.02333516554993599,0.8751118067978533,0.4797163847149299,0.6313079393511211,0.8729874776386404,0.47638978215339967,0.5828199435859301
15,0.023306720005431627,0.8751118067978533,0.48883612386106773,0.636419124171632,-1,-1,-1
16,0.023320914122854128,0.875,0.4855118531899073,0.6333520171950375,-1,-1,-1
17,0.023295369747299736,0.8752236135957068,0.4847814574048667,0.641608507347307,-1,-1,-1
18,0.023265811718820407,0.8756708407871199,0.4833039114329799,0.6390128538404841,-1,-1,-1
19,0.02315310663951824,0.8756708407871199,0.48497180575915244,0.6446128066725038,0.8729874776386404,0.4797273382709576,0.5880035968945122
20,0.023164807439803384,0.8752236135957068,0.4913166878637073,0.6416624879774273,-1,-1,-1
21,0.023145015478927194,0.876453488372093,0.4935215567430127,0.6464931885384976,-1,-1,-1
22,0.023116183030703945,0.8757826475849732,0.4931943399945784,0.6489889722212508,-1,-1,-1
23,0.02321228645625316,0.8760062611806798,0.4908764085545363,0.6493791152450239,-1,-1,-1
24,0.02314109114716779,0.8761180679785331,0.4981411381829239,0.6489477794552891,0.8725402504472272,0.48926327634169975,0.5792049560429817
25,0.0230071516624237,0.8757826475849732,0.49638636565557076,0.6472684952407077,-1,-1,-1
26,0.02310461404671716,0.8771243291592129,0.5026086155688072,0.659912014967912,-1,-1,-1
27,0.023074653814338507,0.8769007155635062,0.5040398414292421,0.6565346608268,-1,-1,-1
28,0.022979594573831728,0.8762298747763864,0.5044324008751733,0.6510667172296551,-1,-1,-1
29,0.02292398958465281,0.8770125223613596,0.4978141152699954,0.6632128682579522,0.8725402504472272,0.4828337587190547,0.5710160503275743
30,0.022946143497867853,0.8773479427549195,0.5050683544720117,0.6702089616220352,-1,-1,-1
31,0.022846995787911637,0.8769007155635062,0.5116594365330945,0.664534318609975,-1,-1,-1
32,0.022785050447110572,0.8781305903398927,0.5169089977492991,0.661199741571977,-1,-1,-1
33,0.022825372830193244,0.8786896243291592,0.5120095531925346,0.6797638726541483,-1,-1,-1
34,0.02271647297832215,0.8783542039355993,0.5118020516704364,0.6798030284151999,0.872093023255814,0.4826485968727348,0.5708839712031323
35,0.022712056458409548,0.879025044722719,0.5189794543249067,0.6815914621428862,-1,-1,-1
36,0.022630846854265987,0.879025044722719,0.5174944152968912,0.68825065752821,-1,-1,-1
37,0.022571964689225545,0.8784660107334525,0.5222637070600111,0.6895735790504457,-1,-1,-1
38,0.022594359205212702,0.8788014311270125,0.526812674297952,0.6994743848330046,-1,-1,-1
39,0.022491757971216293,0.8795840787119857,0.5163617658865093,0.7021772074314918,0.8698568872987478,0.47194604837629794,0.5622734978713549
40,0.022407005133677094,0.8785778175313059,0.5329638658492608,0.6853476991972955,-1,-1,-1
41,0.022344657628961935,0.8792486583184258,0.5355441759826902,0.6956120537728556,-1,-1,-1
42,0.0222320564429414,0.8791368515205723,0.5312966853823891,0.7069204865318328,-1,-1,-1
43,0.02215601154894623,0.879695885509839,0.5365785256410257,0.7119191268310552,-1,-1,-1
44,0.022011264666335153,0.8801431127012522,0.5423683899026694,0.7094300765811996,0.8653846153846154,0.4767931702228058,0.5390782324556405
45,0.021976801710893036,0.879025044722719,0.5505949246348303,0.7212267115169881,-1,-1,-1
46,0.022024289570742143,0.8822674418604651,0.5579263540102275,0.732642879202327,-1,-1,-1
47,0.021975475861582647,0.881149373881932,0.5438673303698416,0.7344830302213444,-1,-1,-1
48,0.02185623299360462,0.8817084078711985,0.5648851704491948,0.7174585353504661,-1,-1,-1
49,0.021846089069773186,0.8820438282647585,0.560247346653254,0.7353330271035952,0.8635957066189626,0.48522313061449707,0.5456387654039541
50,0.021694272294247353,0.8795840787119857,0.554883307306125,0.7196200804775373,-1,-1,-1
51,0.021482450416068378,0.8791368515205723,0.55821517443426,0.7250986051835211,-1,-1,-1
52,0.021528715482698038,0.8822674418604651,0.5672451951077461,0.7545016393928685,-1,-1,-1
53,0.021539071314903194,0.8831618962432917,0.5705329808998999,0.7522346792616943,-1,-1,-1
54,0.02133629855921422,0.8818202146690519,0.5733670001472533,0.7459818097724858,0.8568872987477638,0.49342282259320613,0.5261145759264989
55,0.021233788060444226,0.8817084078711985,0.5630443387477297,0.7456071706194181,-1,-1,-1
56,0.021254381962946895,0.8819320214669052,0.5451923076923076,0.7412277798128966,-1,-1,-1
57,0.02115451228140132,0.8832737030411449,0.5742260542464238,0.7619887641072491,-1,-1,-1
58,0.021002944373094173,0.8855098389982111,0.5846902713295562,0.763053495257117,-1,-1,-1
59,0.020869312453048707,0.8833855098389982,0.5830210771525205,0.7579470068645934,0.8591234347048302,0.49455146950652856,0.5357518287530826
60,0.020708309935925658,0.8849508050089445,0.58749808559511,0.7604670648558598,-1,-1,-1
61,0.02093418922578526,0.8870751341681574,0.5898018993612791,0.7794345794937205,-1,-1,-1
62,0.02081427571100511,0.8875223613595706,0.6002532741981088,0.7786272465476445,-1,-1,-1
63,0.020792981715079845,0.8881932021466905,0.6010240620318367,0.7799554303325649,-1,-1,-1
64,0.02063789645548117,0.8884168157423971,0.6128007523526202,0.7787297192113215,0.8524150268336315,0.4831310819027232,0.5311209175337751
65,0.020451076832318376,0.8877459749552774,0.6159955115683169,0.7768645582986845,-1,-1,-1
66,0.02046944576353901,0.8870751341681574,0.6065991616219049,0.7844977815319025,-1,-1,-1
67,0.020487139629173444,0.8884168157423971,0.6097323810328295,0.7858306051613405,-1,-1,-1
68,0.02026803459937156,0.8898703041144902,0.615578071773532,0.7961051447614514,-1,-1,-1
69,0.020162328395056196,0.8894230769230769,0.6355165668537827,0.785334311548358,0.8546511627906976,0.5078448861446856,0.5311372012614461
70,0.020171577382452906,0.8898703041144902,0.6254305554132412,0.7957997637753306,-1,-1,-1
71,0.020037323726700994,0.8914355992844365,0.6269359201947664,0.7896177933736909,-1,-1,-1
72,0.020060948740144482,0.8940071556350626,0.631233582787115,0.8152540660032593,-1,-1,-1
73,0.02008607925235732,0.8911001788908764,0.6312622454653259,0.8136408712813202,-1,-1,-1
74,0.02001791775196604,0.8933363148479427,0.6279219369079836,0.8142631762813864,0.8613595706618963,0.4984704346743922,0.538542678745574
75,0.01995779461958754,0.8907647584973166,0.6294197437957525,0.7908469560865876,-1,-1,-1
76,0.02011702158646608,0.8928890876565295,0.6373195391743145,0.8079872773199986,-1,-1,-1
77,0.019530834828808318,0.8925536672629696,0.6254385532572051,0.8009675886490392,-1,-1,-1
78,0.019867482160722875,0.8938953488372093,0.6404982538160118,0.8109346536746495,-1,-1,-1
79,0.019668082178075513,0.8953488372093024,0.6647129981674444,0.8120743013384368,0.849731663685152,0.4950356898011856,0.5221684859209081
80,0.01948556023998076,0.893448121645796,0.6461697361854015,0.8130769604220132,-1,-1,-1
81,0.019422711948622585,0.8942307692307693,0.6353610436893204,0.8262884084348753,-1,-1,-1
82,0.01901799968147254,0.8953488372093024,0.6420037836931719,0.8219351591913681,-1,-1,-1
83,0.019187309894184306,0.8956842576028623,0.6590880651334774,0.8106945700125944,-1,-1,-1
84,0.01912081923147527,0.894901610017889,0.6348251162150685,0.826723308983203,0.8622540250447227,0.48165944123314064,0.5180179446678934
85,0.01932384759564226,0.8989266547406082,0.6730642543421599,0.8346503135912475,-1,-1,-1
86,0.01863557305386913,0.8936717352415027,0.6263824452269887,0.8090019320991574,-1,-1,-1
87,0.019204929313157586,0.8994856887298748,0.6731026979145776,0.8356241151052628,-1,-1,-1
88,0.019207344326725453,0.8998211091234347,0.6732043542826421,0.8488818483963622,-1,-1,-1
89,0.018600244114212093,0.903175313059034,0.6845293826790408,0.8611428072847369,0.8546511627906976,0.4868832908383918,0.5275783021138087
90,0.018760925363366075,0.901386404293381,0.6817856836861094,0.8416943897376599,-1,-1,-1
91,0.018847994397232753,0.9046288014311269,0.6957096929808555,0.844264807016984,-1,-1,-1
92,0.01875405541366243,0.8978085867620751,0.6733697888822562,0.8312610769214925,-1,-1,-1
93,0.018529472350724347,0.902839892665474,0.6866637277543182,0.8519556888058547,-1,-1,-1
94,0.018469182993510275,0.8995974955277279,0.6688497310544497,0.8566066236835996,0.8591234347048302,0.48035103639844623,0.5274733625354849
95,0.01873991067549597,0.8974731663685152,0.6677634077416716,0.837652406161125,-1,-1,-1
96,0.018352078137276212,0.9016100178890877,0.6722556062483437,0.851456283102037,-1,-1,-1
97,0.018429270149116973,0.9057468694096601,0.703821410225302,0.8646781990567988,-1,-1,-1
98,0.018407253950854265,0.9016100178890877,0.6986653974251305,0.8548841096981464,-1,-1,-1
99,0.018624833342660893,0.9021690518783542,0.6689521489493672,0.8692017645441867,0.8635957066189626,0.48522313061449707,0.5243125100642483
